InvoiceNo,StockCode,Description,Quantity,InvoiceDate,UnitPrice,CustomerID,Country
536830,84077,WORLD WAR 2 GLIDERS ASSTD DESIGNS,2880,2010-12-02 17:38:00,0.18,16754.0,United Kingdom
536830,21915,RED  HARMONICA IN BOX ,1400,2010-12-02 17:38:00,1.06,16754.0,United Kingdom
537374,22415,WHITE TISSUE REAM,1,2010-12-06 12:55:00,7.95,17259.0,United Kingdom
537374,22704,WRAP RED APPLES ,25,2010-12-06 12:55:00,0.42,17259.0,United Kingdom
537374,22705,WRAP GREEN PEARS ,25,2010-12-06 12:55:00,0.42,17259.0,United Kingdom
537374,22744,MAKE YOUR OWN MONSOON CARD KIT,1,2010-12-06 12:55:00,2.95,17259.0,United Kingdom
537374,20861,GOLD COSMETIC BAG PINK STAR,1,2010-12-06 12:55:00,2.1,17259.0,United Kingdom
537374,21790,VINTAGE SNAP CARDS,1,2010-12-06 12:55:00,0.85,17259.0,United Kingdom
537374,22174,PHOTO CUBE,1,2010-12-06 12:55:00,1.65,17259.0,United Kingdom
537374,22634,CHILDS BREAKFAST SET SPACEBOY ,1,2010-12-06 12:55:00,9.95,17259.0,United Kingdom
537374,21724,PANDA AND BUNNIES STICKER SHEET,1,2010-12-06 12:55:00,0.85,17259.0,United Kingdom
537374,84558A,3D DOG PICTURE PLAYING CARDS,2,2010-12-06 12:55:00,2.95,17259.0,United Kingdom
537374,22568,FELTCRAFT CUSHION OWL,1,2010-12-06 12:55:00,3.75,17259.0,United Kingdom
537374,21827,EIGHT PIECE CREEPY CRAWLIE SET,1,2010-12-06 12:55:00,1.25,17259.0,United Kingdom
537374,22619,SET OF 6 SOLDIER SKITTLES,1,2010-12-06 12:55:00,3.75,17259.0,United Kingdom
537374,22906,12 MESSAGE CARDS WITH ENVELOPES,1,2010-12-06 12:55:00,1.65,17259.0,United Kingdom
537374,22945,CHRISTMAS METAL TAGS ASSORTED ,6,2010-12-06 12:55:00,0.85,17259.0,United Kingdom
537374,22977,DOLLY GIRL CHILDRENS EGG CUP,1,2010-12-06 12:55:00,1.25,17259.0,United Kingdom
537374,22548,HEADS AND TAILS SPORTING FUN,1,2010-12-06 12:55:00,1.25,17259.0,United Kingdom
537374,22328,ROUND SNACK BOXES SET OF 4 FRUITS ,1,2010-12-06 12:55:00,2.95,17259.0,United Kingdom
537374,22702,BLACK AND WHITE CAT BOWL,1,2010-12-06 12:55:00,2.1,17259.0,United Kingdom
537374,22350,ILLUSTRATED CAT BOWL ,1,2010-12-06 12:55:00,2.55,17259.0,United Kingdom
537374,40016,CHINESE DRAGON PAPER LANTERNS,30,2010-12-06 12:55:00,0.42,17259.0,United Kingdom
537374,22943,CHRISTMAS LIGHTS 10 VINTAGE BAUBLES,2,2010-12-06 12:55:00,4.95,17259.0,United Kingdom
537374,21755,LOVE BUILDING BLOCK WORD,2,2010-12-06 12:55:00,5.95,17259.0,United Kingdom
537374,21756,BATH BUILDING BLOCK WORD,1,2010-12-06 12:55:00,5.95,17259.0,United Kingdom
537374,22118,JOY WOODEN BLOCK LETTERS,2,2010-12-06 12:55:00,4.95,17259.0,United Kingdom
537374,22075,6 RIBBONS ELEGANT CHRISTMAS ,3,2010-12-06 12:55:00,1.65,17259.0,United Kingdom
537374,85049A,TRADITIONAL CHRISTMAS RIBBONS,3,2010-12-06 12:55:00,1.25,17259.0,United Kingdom
537374,22443,GROW YOUR OWN HERBS SET OF 3,3,2010-12-06 12:55:00,7.95,17259.0,United Kingdom
537374,72818,CHRISTMAS DECOUPAGE CANDLE,8,2010-12-06 12:55:00,0.85,17259.0,United Kingdom
537374,84945,MULTI COLOUR SILVER T-LIGHT HOLDER,24,2010-12-06 12:55:00,0.85,17259.0,United Kingdom
537374,21098,CHRISTMAS TOILET ROLL,2,2010-12-06 12:55:00,1.25,17259.0,United Kingdom
537374,22197,SMALL POPCORN HOLDER,3,2010-12-06 12:55:00,0.85,17259.0,United Kingdom
537374,79051A,SMOKEY GREY COLOUR D.O.F. GLASS,4,2010-12-06 12:55:00,0.65,17259.0,United Kingdom
537374,72799F,IVORY PILLAR CANDLE GOLD FLOCK,2,2010-12-06 12:55:00,2.95,17259.0,United Kingdom
537374,72817,SET OF 2 CHRISTMAS DECOUPAGE CANDLE,2,2010-12-06 12:55:00,1.25,17259.0,United Kingdom
537374,85169A,IVORY LOVE BIRD CANDLE,1,2010-12-06 12:55:00,1.25,17259.0,United Kingdom
537374,72799E,IVORY PILLAR CANDLE SILVER FLOCK,3,2010-12-06 12:55:00,2.95,17259.0,United Kingdom
537374,72800E,4 IVORY DINNER CANDLES SILVER FLOCK,6,2010-12-06 12:55:00,2.55,17259.0,United Kingdom
537374,22618,COOKING SET RETROSPOT,1,2010-12-06 12:55:00,9.95,17259.0,United Kingdom
537374,21191,LARGE WHITE HONEYCOMB PAPER BELL  ,3,2010-12-06 12:55:00,2.1,17259.0,United Kingdom
537374,22749,FELTCRAFT PRINCESS CHARLOTTE DOLL,4,2010-12-06 12:55:00,3.75,17259.0,United Kingdom
537374,10133,COLOURING PENCILS BROWN TUBE,2,2010-12-06 12:55:00,0.85,17259.0,United Kingdom
537374,21107,CREAM SLICE FLANNEL PINK SPOT ,1,2010-12-06 12:55:00,2.95,17259.0,United Kingdom
537374,22988,SOLDIERS EGG CUP ,3,2010-12-06 12:55:00,1.25,17259.0,United Kingdom
537374,22974,CHILDRENS DOLLY GIRL MUG,1,2010-12-06 12:55:00,1.65,17259.0,United Kingdom
537374,85178,VICTORIAN SEWING KIT,1,2010-12-06 12:55:00,1.25,17259.0,United Kingdom
537374,22867,HAND WARMER BIRD DESIGN,1,2010-12-06 12:55:00,2.1,17259.0,United Kingdom
537374,22210,WOOD STAMP SET BEST WISHES,2,2010-12-06 12:55:00,1.65,17259.0,United Kingdom
537374,21738,COSY SLIPPER SHOES SMALL  RED ,1,2010-12-06 12:55:00,2.95,17259.0,United Kingdom
537374,22758,LARGE PURPLE BABUSHKA NOTEBOOK  ,1,2010-12-06 12:55:00,1.25,17259.0,United Kingdom
537374,20984,12 PENCILS TALL TUBE POSY,1,2010-12-06 12:55:00,0.85,17259.0,United Kingdom
537374,20983,12 PENCILS TALL TUBE RED RETROSPOT,1,2010-12-06 12:55:00,0.85,17259.0,United Kingdom
537374,22727,ALARM CLOCK BAKELIKE RED ,1,2010-12-06 12:55:00,3.75,17259.0,United Kingdom
537374,22421,LIPSTICK PEN FUSCHIA,3,2010-12-06 12:55:00,0.42,17259.0,United Kingdom
537374,20961,STRAWBERRY BATH SPONGE ,2,2010-12-06 12:55:00,1.25,17259.0,United Kingdom
537374,20966,SANDWICH BATH SPONGE,1,2010-12-06 12:55:00,1.25,17259.0,United Kingdom
537374,22142,CHRISTMAS CRAFT WHITE FAIRY ,1,2010-12-06 12:55:00,1.45,17259.0,United Kingdom
537374,22561,WOODEN SCHOOL COLOURING SET,5,2010-12-06 12:55:00,1.65,17259.0,United Kingdom
537374,21889,WOODEN BOX OF DOMINOES,2,2010-12-06 12:55:00,1.25,17259.0,United Kingdom
537374,22549,PICTURE DOMINOES,1,2010-12-06 12:55:00,1.45,17259.0,United Kingdom
537374,22910,PAPER CHAIN KIT VINTAGE CHRISTMAS,1,2010-12-06 12:55:00,2.95,17259.0,United Kingdom
537374,20828,GLITTER BUTTERFLY CLIPS,1,2010-12-06 12:55:00,2.55,17259.0,United Kingdom
537374,20963,APPLE BATH SPONGE,1,2010-12-06 12:55:00,1.25,17259.0,United Kingdom
537374,21106,CREAM SLICE FLANNEL CHOCOLATE SPOT ,1,2010-12-06 12:55:00,2.95,17259.0,United Kingdom
537374,22866,HAND WARMER SCOTTY DOG DESIGN,1,2010-12-06 12:55:00,2.1,17259.0,United Kingdom
537374,22865,HAND WARMER OWL DESIGN,1,2010-12-06 12:55:00,2.1,17259.0,United Kingdom
537374,22633,HAND WARMER UNION JACK,2,2010-12-06 12:55:00,2.1,17259.0,United Kingdom
537374,22556,PLASTERS IN TIN CIRCUS PARADE ,1,2010-12-06 12:55:00,1.65,17259.0,United Kingdom
537374,21912,VINTAGE SNAKES & LADDERS,2,2010-12-06 12:55:00,3.75,17259.0,United Kingdom
537374,22383,LUNCH BAG SUKI  DESIGN ,1,2010-12-06 12:55:00,1.65,17259.0,United Kingdom
537374,22620,4 TRADITIONAL SPINNING TOPS,1,2010-12-06 12:55:00,1.25,17259.0,United Kingdom
537374,21892,TRADITIONAL WOODEN CATCH CUP GAME ,1,2010-12-06 12:55:00,1.25,17259.0,United Kingdom
537374,21891,TRADITIONAL WOODEN SKIPPING ROPE,1,2010-12-06 12:55:00,1.25,17259.0,United Kingdom
537374,22816,CARD MOTORBIKE SANTA,12,2010-12-06 12:55:00,0.42,17259.0,United Kingdom
542233,20726,LUNCH BAG WOODLAND,10,2011-01-26 13:46:00,1.65,13098.0,United Kingdom
542233,20725,LUNCH BAG RED RETROSPOT,10,2011-01-26 13:46:00,1.65,13098.0,United Kingdom
542233,84050,PINK HEART SHAPE EGG FRYING PAN,72,2011-01-26 13:46:00,1.25,13098.0,United Kingdom
542233,22849,BREAD BIN DINER STYLE MINT,4,2011-01-26 13:46:00,14.95,13098.0,United Kingdom
542233,22848,BREAD BIN DINER STYLE PINK,4,2011-01-26 13:46:00,14.95,13098.0,United Kingdom
542233,22847,BREAD BIN DINER STYLE IVORY,4,2011-01-26 13:46:00,14.95,13098.0,United Kingdom
542233,22846,BREAD BIN DINER STYLE RED ,8,2011-01-26 13:46:00,14.95,13098.0,United Kingdom
542233,22723,SET OF 6 HERB TINS SKETCHBOOK,24,2011-01-26 13:46:00,3.45,13098.0,United Kingdom
542233,22706,WRAP COWBOYS  ,25,2011-01-26 13:46:00,0.42,13098.0,United Kingdom
542233,22692,DOORMAT WELCOME TO OUR HOME,10,2011-01-26 13:46:00,6.75,13098.0,United Kingdom
542233,22383,LUNCH BAG SUKI  DESIGN ,20,2011-01-26 13:46:00,1.65,13098.0,United Kingdom
542233,22382,LUNCH BAG SPACEBOY DESIGN ,20,2011-01-26 13:46:00,1.65,13098.0,United Kingdom
543413,85123A,WHITE HANGING HEART T-LIGHT HOLDER,32,2011-02-08 11:32:00,2.55,13098.0,United Kingdom
543413,21733,RED HANGING HEART T-LIGHT HOLDER,32,2011-02-08 11:32:00,2.55,13098.0,United Kingdom
543413,20914,SET/5 RED RETROSPOT LID GLASS BOWLS,32,2011-02-08 11:32:00,2.55,13098.0,United Kingdom
543479,22371,AIRLINE BAG VINTAGE TOKYO 78,24,2011-02-08 15:42:00,3.75,16998.0,United Kingdom
546372,48138,DOORMAT UNION FLAG,10,2011-03-11 11:47:00,6.75,13098.0,United Kingdom
546372,48116,DOORMAT MULTICOLOUR STRIPE,10,2011-03-11 11:47:00,6.75,13098.0,United Kingdom
546372,48111,DOORMAT 3 SMILEY CATS,10,2011-03-11 11:47:00,6.75,13098.0,United Kingdom
546372,22692,DOORMAT WELCOME TO OUR HOME,10,2011-03-11 11:47:00,6.75,13098.0,United Kingdom
546372,20728,LUNCH BAG CARS BLUE,12,2011-03-11 11:47:00,1.65,13098.0,United Kingdom
546372,20726,LUNCH BAG WOODLAND,12,2011-03-11 11:47:00,1.65,13098.0,United Kingdom
546372,20725,LUNCH BAG RED RETROSPOT,24,2011-03-11 11:47:00,1.65,13098.0,United Kingdom
548806,16161G,WRAP BAD HAIR DAY,25,2011-04-04 12:52:00,0.1,13098.0,United Kingdom
548806,22960,JAM MAKING SET WITH JARS,12,2011-04-04 12:52:00,3.75,13098.0,United Kingdom
548806,22423,REGENCY CAKESTAND 3 TIER,16,2011-04-04 12:52:00,10.95,13098.0,United Kingdom
548806,22402,MAGNETS PACK OF 4 VINTAGE COLLAGE,24,2011-04-04 12:52:00,1.25,13098.0,United Kingdom
548806,22400,MAGNETS PACK OF 4 HOME SWEET HOME,24,2011-04-04 12:52:00,1.25,13098.0,United Kingdom
548806,22399,MAGNETS PACK OF 4 CHILDHOOD MEMORY,12,2011-04-04 12:52:00,1.25,13098.0,United Kingdom
548806,22383,LUNCH BAG SUKI DESIGN ,30,2011-04-04 12:52:00,1.65,13098.0,United Kingdom
548806,21498,RED RETROSPOT WRAP ,25,2011-04-04 12:52:00,0.42,13098.0,United Kingdom
549115,22197,SMALL POPCORN HOLDER,48,2011-04-06 12:41:00,0.85,13098.0,United Kingdom
549115,21318,GLASS CHALICE BLUE SMALL ,36,2011-04-06 12:41:00,0.39,13098.0,United Kingdom
549115,21316,SMALL CHUNKY GLASS ROMAN  BOWL,32,2011-04-06 12:41:00,0.79,13098.0,United Kingdom
549115,21320,GLASS CHALICE GREEN  LARGE ,48,2011-04-06 12:41:00,0.79,13098.0,United Kingdom
549115,85159B,"WHITE TEA,COFFEE,SUGAR JARS",24,2011-04-06 12:41:00,1.95,13098.0,United Kingdom
549115,20803,SMALL PINK GLASS SUNDAE DISH,72,2011-04-06 12:41:00,0.39,13098.0,United Kingdom
549115,20801,LARGE PINK GLASS SUNDAE DISH,32,2011-04-06 12:41:00,0.79,13098.0,United Kingdom
549115,85123A,WHITE HANGING HEART T-LIGHT HOLDER,32,2011-04-06 12:41:00,2.55,13098.0,United Kingdom
549115,85099B,JUMBO BAG RED RETROSPOT,100,2011-04-06 12:41:00,1.79,13098.0,United Kingdom
549115,84970S,HANGING HEART ZINC T-LIGHT HOLDER,48,2011-04-06 12:41:00,0.85,13098.0,United Kingdom
549115,16161P,WRAP ENGLISH ROSE ,25,2011-04-06 12:41:00,0.42,13098.0,United Kingdom
549115,84692,BOX OF 24 COCKTAIL PARASOLS,25,2011-04-06 12:41:00,0.42,13098.0,United Kingdom
549115,84050,PINK HEART SHAPE EGG FRYING PAN,48,2011-04-06 12:41:00,1.65,13098.0,United Kingdom
549115,22631,CIRCUS PARADE LUNCH BOX ,12,2011-04-06 12:41:00,1.95,13098.0,United Kingdom
549115,22630,DOLLY GIRL LUNCH BOX,12,2011-04-06 12:41:00,1.95,13098.0,United Kingdom
549115,22629,SPACEBOY LUNCH BOX ,24,2011-04-06 12:41:00,1.95,13098.0,United Kingdom
549115,22502,PICNIC BASKET WICKER SMALL,16,2011-04-06 12:41:00,4.95,13098.0,United Kingdom
549115,22423,REGENCY CAKESTAND 3 TIER,32,2011-04-06 12:41:00,10.95,13098.0,United Kingdom
549115,22385,JUMBO BAG SPACEBOY DESIGN,100,2011-04-06 12:41:00,1.79,13098.0,United Kingdom
549115,22383,LUNCH BAG SUKI DESIGN ,24,2011-04-06 12:41:00,1.65,13098.0,United Kingdom
549115,22382,LUNCH BAG SPACEBOY DESIGN ,24,2011-04-06 12:41:00,1.65,13098.0,United Kingdom
549115,22379,RECYCLING BAG RETROSPOT ,25,2011-04-06 12:41:00,2.1,13098.0,United Kingdom
549115,22352,LUNCH BOX WITH CUTLERY RETROSPOT ,6,2011-04-06 12:41:00,2.55,13098.0,United Kingdom
549115,22196,SMALL HEART MEASURING SPOONS,24,2011-04-06 12:41:00,0.85,13098.0,United Kingdom
549115,22045,SPACEBOY GIFT WRAP,25,2011-04-06 12:41:00,0.42,13098.0,United Kingdom
549115,22037,ROBOT BIRTHDAY CARD,12,2011-04-06 12:41:00,0.42,13098.0,United Kingdom
549115,22035,VINTAGE CARAVAN GREETING CARD ,24,2011-04-06 12:41:00,0.42,13098.0,United Kingdom
549115,22030,SWALLOWS GREETING CARD,12,2011-04-06 12:41:00,0.42,13098.0,United Kingdom
549115,22029,SPACEBOY BIRTHDAY CARD,24,2011-04-06 12:41:00,0.42,13098.0,United Kingdom
549115,21506,"FANCY FONT BIRTHDAY CARD, ",24,2011-04-06 12:41:00,0.42,13098.0,United Kingdom
549115,21498,RED RETROSPOT WRAP ,25,2011-04-06 12:41:00,0.42,13098.0,United Kingdom
549115,21497,FANCY FONTS BIRTHDAY WRAP,25,2011-04-06 12:41:00,0.42,13098.0,United Kingdom
549115,20914,SET/5 RED RETROSPOT LID GLASS BOWLS,32,2011-04-06 12:41:00,2.55,13098.0,United Kingdom
549115,20726,LUNCH BAG WOODLAND,24,2011-04-06 12:41:00,1.65,13098.0,United Kingdom
549115,20725,LUNCH BAG RED RETROSPOT,24,2011-04-06 12:41:00,1.65,13098.0,United Kingdom
550193,85132B,CHARLIE AND LOLA TABLE TINS,12,2011-04-15 09:27:00,1.95,13952.0,United Kingdom
550193,85132C,CHARLIE AND LOLA FIGURES TINS,12,2011-04-15 09:27:00,1.95,13952.0,United Kingdom
550193,37340,MULTICOLOUR SPRING FLOWER MUG,48,2011-04-15 09:27:00,0.39,13952.0,United Kingdom
550193,37342,POLKADOT COFFEE CUP & SAUCER PINK,24,2011-04-15 09:27:00,0.79,13952.0,United Kingdom
550193,79030G,TUMBLER NEW ENGLAND,24,2011-04-15 09:27:00,0.39,13952.0,United Kingdom
550193,85006,SET 4 NURSERY DES ROUND BOXES,12,2011-04-15 09:27:00,0.85,13952.0,United Kingdom
550193,21212,PACK OF 72 RETROSPOT CAKE CASES,24,2011-04-15 09:27:00,0.55,13952.0,United Kingdom
550193,22423,REGENCY CAKESTAND 3 TIER,4,2011-04-15 09:27:00,12.75,13952.0,United Kingdom
550193,20750,RED RETROSPOT MINI CASES,2,2011-04-15 09:27:00,7.95,13952.0,United Kingdom
550193,21986,PACK OF 12 PINK POLKADOT TISSUES,24,2011-04-15 09:27:00,0.29,13952.0,United Kingdom
550193,21980,PACK OF 12 RED RETROSPOT TISSUES ,24,2011-04-15 09:27:00,0.29,13952.0,United Kingdom
550193,22175,PINK OWL SOFT TOY,6,2011-04-15 09:27:00,2.95,13952.0,United Kingdom
550193,22176,BLUE OWL SOFT TOY,6,2011-04-15 09:27:00,2.95,13952.0,United Kingdom
550193,22646,CERAMIC STRAWBERRY CAKE MONEY BANK,12,2011-04-15 09:27:00,1.45,13952.0,United Kingdom
550193,22645,CERAMIC HEART FAIRY CAKE MONEY BANK,12,2011-04-15 09:27:00,1.45,13952.0,United Kingdom
550193,22762,CUPBOARD 3 DRAWER MA CAMPAGNE,2,2011-04-15 09:27:00,14.95,13952.0,United Kingdom
550193,22763,KEY CABINET MA CAMPAGNE,2,2011-04-15 09:27:00,9.95,13952.0,United Kingdom
550193,21781,MA CAMPAGNE CUTLERY BOX,2,2011-04-15 09:27:00,14.95,13952.0,United Kingdom
550193,22797,CHEST OF DRAWERS GINGHAM HEART ,2,2011-04-15 09:27:00,16.95,13952.0,United Kingdom
550193,82486,WOOD S/3 CABINET ANT WHITE FINISH,2,2011-04-15 09:27:00,8.95,13952.0,United Kingdom
550193,85066,CREAM SWEETHEART MINI CHEST,2,2011-04-15 09:27:00,12.75,13952.0,United Kingdom
550193,20685,DOORMAT RED RETROSPOT,4,2011-04-15 09:27:00,7.95,13952.0,United Kingdom
550193,21523,DOORMAT FANCY FONT HOME SWEET HOME,4,2011-04-15 09:27:00,7.95,13952.0,United Kingdom
550193,21524,DOORMAT SPOTTY HOME SWEET HOME,4,2011-04-15 09:27:00,7.95,13952.0,United Kingdom
550193,48187,DOORMAT NEW ENGLAND,4,2011-04-15 09:27:00,7.95,13952.0,United Kingdom
550193,22170,PICTURE FRAME WOOD TRIPLE PORTRAIT,4,2011-04-15 09:27:00,6.75,13952.0,United Kingdom
550193,22796,PHOTO FRAME 3 CLASSIC HANGING,4,2011-04-15 09:27:00,9.95,13952.0,United Kingdom
550193,82482,WOODEN PICTURE FRAME WHITE FINISH,6,2011-04-15 09:27:00,2.55,13952.0,United Kingdom
550193,22602,RETROSPOT WOODEN HEART DECORATION,24,2011-04-15 09:27:00,0.85,13952.0,United Kingdom
550193,22243,5 HOOK HANGER RED MAGIC TOADSTOOL,12,2011-04-15 09:27:00,1.65,13952.0,United Kingdom
550193,22245,"HOOK, 1 HANGER ,MAGIC GARDEN",12,2011-04-15 09:27:00,0.85,13952.0,United Kingdom
550193,22212,FOUR HOOK  WHITE LOVEBIRDS,6,2011-04-15 09:27:00,2.1,13952.0,United Kingdom
550193,82484,WOOD BLACK BOARD ANT WHITE FINISH,2,2011-04-15 09:27:00,7.95,13952.0,United Kingdom
550193,21042,RED RETROSPOT APRON ,3,2011-04-15 09:27:00,5.95,13952.0,United Kingdom
550193,47567B,TEA TIME KITCHEN APRON,3,2011-04-15 09:27:00,5.95,13952.0,United Kingdom
550193,84991,60 TEATIME FAIRY CAKE CASES,48,2011-04-15 09:27:00,0.55,13952.0,United Kingdom
550193,22558,CLOTHES PEGS RETROSPOT PACK 24 ,12,2011-04-15 09:27:00,1.65,13952.0,United Kingdom
550193,21155,RED RETROSPOT PEG BAG,6,2011-04-15 09:27:00,2.55,13952.0,United Kingdom
550193,21216,"SET 3 RETROSPOT TEA,COFFEE,SUGAR",8,2011-04-15 09:27:00,4.95,13952.0,United Kingdom
550193,21218,RED SPOTTY BISCUIT TIN,6,2011-04-15 09:27:00,3.75,13952.0,United Kingdom
550193,22842,BISCUIT TIN VINTAGE RED,2,2011-04-15 09:27:00,6.75,13952.0,United Kingdom
550193,22199,FRYING PAN RED RETROSPOT,4,2011-04-15 09:27:00,4.25,13952.0,United Kingdom
550193,22203,MILK PAN RED RETROSPOT,4,2011-04-15 09:27:00,3.75,13952.0,United Kingdom
550193,21035,SET/2 RED RETROSPOT TEA TOWELS ,6,2011-04-15 09:27:00,3.25,13952.0,United Kingdom
550193,21154,RED RETROSPOT OVEN GLOVE ,10,2011-04-15 09:27:00,1.25,13952.0,United Kingdom
550193,47559B,TEA TIME OVEN GLOVE,10,2011-04-15 09:27:00,1.25,13952.0,United Kingdom
550193,21041,RED RETROSPOT OVEN GLOVE DOUBLE,6,2011-04-15 09:27:00,2.95,13952.0,United Kingdom
550193,21217,RED RETROSPOT ROUND CAKE TINS,4,2011-04-15 09:27:00,9.95,13952.0,United Kingdom
550193,22840,ROUND CAKE TIN VINTAGE RED,2,2011-04-15 09:27:00,7.95,13952.0,United Kingdom
550193,20754,RETROSPOT RED WASHING UP GLOVES,6,2011-04-15 09:27:00,2.1,13952.0,United Kingdom
550193,22094,RED RETROSPOT TISSUE BOX,12,2011-04-15 09:27:00,1.25,13952.0,United Kingdom
550193,22091,EMPIRE TISSUE BOX,12,2011-04-15 09:27:00,1.25,13952.0,United Kingdom
550193,20975,12 PENCILS SMALL TUBE RED RETROSPOT,24,2011-04-15 09:27:00,0.65,13952.0,United Kingdom
550193,22505,MEMO BOARD COTTAGE DESIGN,8,2011-04-15 09:27:00,4.95,13952.0,United Kingdom
550193,22507,MEMO BOARD RETROSPOT  DESIGN,8,2011-04-15 09:27:00,4.95,13952.0,United Kingdom
550193,21623,VINTAGE UNION JACK MEMOBOARD,4,2011-04-15 09:27:00,9.95,13952.0,United Kingdom
550193,21430,SET/3 RED GINGHAM ROSE STORAGE BOX,4,2011-04-15 09:27:00,3.75,13952.0,United Kingdom
550193,22378,WALL TIDY RETROSPOT ,5,2011-04-15 09:27:00,2.1,13952.0,United Kingdom
550193,47585A,PINK FAIRY CAKE CUSHION COVER,8,2011-04-15 09:27:00,3.75,13952.0,United Kingdom
550193,85087,CANDY SPOT CUSHION COVER,6,2011-04-15 09:27:00,2.95,13952.0,United Kingdom
550193,84905,PINK BUTTERFLY CUSHION COVER ,8,2011-04-15 09:27:00,4.95,13952.0,United Kingdom
550193,22354,RETROSPOT PADDED SEAT CUSHION,10,2011-04-15 09:27:00,3.75,13952.0,United Kingdom
550193,21622,VINTAGE UNION JACK CUSHION COVER,8,2011-04-15 09:27:00,4.95,13952.0,United Kingdom
550193,46776E,WOVEN CANDY CUSHION COVER ,6,2011-04-15 09:27:00,4.95,13952.0,United Kingdom
550193,46776A,WOVEN BUBBLE GUM CUSHION COVER,6,2011-04-15 09:27:00,4.95,13952.0,United Kingdom
550193,46776F,WOVEN ROSE GARDEN CUSHION COVER ,6,2011-04-15 09:27:00,4.95,13952.0,United Kingdom
550193,46776D,WOVEN SUNSET CUSHION COVER ,6,2011-04-15 09:27:00,4.95,13952.0,United Kingdom
550193,84919,BLUE CUSHION COVER WITH FLOWER,6,2011-04-15 09:27:00,6.95,13952.0,United Kingdom
550193,22232,JIGSAW TOADSTOOLS 3 PIECE,8,2011-04-15 09:27:00,1.65,13952.0,United Kingdom
550193,20914,SET/5 RED RETROSPOT LID GLASS BOWLS,6,2011-04-15 09:27:00,2.95,13952.0,United Kingdom
550193,21080,SET/20 RED RETROSPOT PAPER NAPKINS ,12,2011-04-15 09:27:00,0.85,13952.0,United Kingdom
550193,21156,RETROSPOT CHILDRENS APRON,8,2011-04-15 09:27:00,1.95,13952.0,United Kingdom
550193,22321,BIRD DECORATION RED RETROSPOT,24,2011-04-15 09:27:00,0.85,13952.0,United Kingdom
550193,21843,RED RETROSPOT CAKE STAND,4,2011-04-15 09:27:00,10.95,13952.0,United Kingdom
550193,21232,STRAWBERRY CERAMIC TRINKET BOX,12,2011-04-15 09:27:00,1.25,13952.0,United Kingdom
550193,22061,LARGE CAKE STAND  HANGING STRAWBERY,2,2011-04-15 09:27:00,9.95,13952.0,United Kingdom
550193,22055,MINI CAKE STAND  HANGING STRAWBERY,8,2011-04-15 09:27:00,1.65,13952.0,United Kingdom
550193,22649,STRAWBERRY FAIRY CAKE TEAPOT,8,2011-04-15 09:27:00,4.95,13952.0,United Kingdom
550193,22851,SET 20 NAPKINS FAIRY CAKES DESIGN ,12,2011-04-15 09:27:00,0.85,13952.0,United Kingdom
550193,37447,CERAMIC CAKE DESIGN SPOTTED PLATE,12,2011-04-15 09:27:00,1.49,13952.0,United Kingdom
550193,37449,CERAMIC CAKE STAND + HANGING CAKES,2,2011-04-15 09:27:00,9.95,13952.0,United Kingdom
550193,35924,HANGING FAIRY CAKE DECORATION,6,2011-04-15 09:27:00,2.1,13952.0,United Kingdom
550193,37446,MINI CAKE STAND WITH HANGING CAKES,8,2011-04-15 09:27:00,1.45,13952.0,United Kingdom
550193,37450,CERAMIC CAKE BOWL + HANGING CAKES,6,2011-04-15 09:27:00,2.95,13952.0,United Kingdom
550193,37495,FAIRY CAKE BIRTHDAY CANDLE SET,8,2011-04-15 09:27:00,3.75,13952.0,United Kingdom
550193,47591D,PINK FAIRY CAKE CHILDRENS APRON,8,2011-04-15 09:27:00,1.95,13952.0,United Kingdom
550193,84509G,SET OF 4 FAIRY CAKE PLACEMATS ,8,2011-04-15 09:27:00,3.75,13952.0,United Kingdom
550193,84535B,FAIRY CAKES NOTEBOOK A6 SIZE,16,2011-04-15 09:27:00,0.65,13952.0,United Kingdom
550193,84536B,FAIRY CAKES NOTEBOOK A7 SIZE,16,2011-04-15 09:27:00,0.42,13952.0,United Kingdom
550193,46000R,POLYESTER FILLER PAD 45x30cm,8,2011-04-15 09:27:00,1.45,13952.0,United Kingdom
550193,46000S,POLYESTER FILLER PAD 40x40cm,44,2011-04-15 09:27:00,1.45,13952.0,United Kingdom
550193,46000M,POLYESTER FILLER PAD 45x45cm,8,2011-04-15 09:27:00,1.55,13952.0,United Kingdom
552042,21535,RED RETROSPOT SMALL MILK JUG,12,2011-05-06 09:00:00,2.55,13952.0,United Kingdom
552042,21539,RED RETROSPOT BUTTER DISH,6,2011-05-06 09:00:00,4.95,13952.0,United Kingdom
552042,21843,RED RETROSPOT CAKE STAND,4,2011-05-06 09:00:00,10.95,13952.0,United Kingdom
552042,21844,RED RETROSPOT MUG,12,2011-05-06 09:00:00,2.95,13952.0,United Kingdom
552042,22072,RED RETROSPOT TEA CUP AND SAUCER ,8,2011-05-06 09:00:00,3.75,13952.0,United Kingdom
552042,22321,BIRD DECORATION RED RETROSPOT,12,2011-05-06 09:00:00,0.85,13952.0,United Kingdom
552042,22329,ROUND CONTAINER SET OF 5 RETROSPOT,12,2011-05-06 09:00:00,1.65,13952.0,United Kingdom
552042,22628,PICNIC BOXES SET OF 3 RETROSPOT ,4,2011-05-06 09:00:00,4.95,13952.0,United Kingdom
552042,21232,STRAWBERRY CERAMIC TRINKET BOX,12,2011-05-06 09:00:00,1.25,13952.0,United Kingdom
552042,22055,MINI CAKE STAND  HANGING STRAWBERY,8,2011-05-06 09:00:00,1.65,13952.0,United Kingdom
552042,22061,LARGE CAKE STAND  HANGING STRAWBERY,2,2011-05-06 09:00:00,9.95,13952.0,United Kingdom
552042,22063,CERAMIC BOWL WITH STRAWBERRY DESIGN,6,2011-05-06 09:00:00,2.95,13952.0,United Kingdom
552042,22644,CERAMIC CHERRY CAKE MONEY BANK,12,2011-05-06 09:00:00,1.45,13952.0,United Kingdom
552042,22649,STRAWBERRY FAIRY CAKE TEAPOT,8,2011-05-06 09:00:00,4.95,13952.0,United Kingdom
552042,22646,CERAMIC STRAWBERRY CAKE MONEY BANK,12,2011-05-06 09:00:00,1.45,13952.0,United Kingdom
552042,37446,MINI CAKE STAND WITH HANGING CAKES,8,2011-05-06 09:00:00,1.45,13952.0,United Kingdom
552042,37450,CERAMIC CAKE BOWL + HANGING CAKES,6,2011-05-06 09:00:00,2.95,13952.0,United Kingdom
552042,37449,CERAMIC CAKE STAND + HANGING CAKES,2,2011-05-06 09:00:00,9.95,13952.0,United Kingdom
552042,37448,CERAMIC CAKE DESIGN SPOTTED MUG,12,2011-05-06 09:00:00,1.49,13952.0,United Kingdom
552042,84987,SET OF 36 TEATIME PAPER DOILIES,12,2011-05-06 09:00:00,1.45,13952.0,United Kingdom
552042,84991,60 TEATIME FAIRY CAKE CASES,24,2011-05-06 09:00:00,0.55,13952.0,United Kingdom
552042,35598D,PINK/WHITE CHRISTMAS TREE 60CM,24,2011-05-06 09:00:00,0.65,13952.0,United Kingdom
552042,21262,WHITE GOOSE FEATHER CHRISTMAS TREE ,12,2011-05-06 09:00:00,2.95,13952.0,United Kingdom
552042,35599D,PINK AND WHITE CHRISTMAS TREE 120CM,24,2011-05-06 09:00:00,2.95,13952.0,United Kingdom
552042,21056,DOCTOR'S BAG SOFT TOY,4,2011-05-06 09:00:00,8.95,13952.0,United Kingdom
552042,21198,WHITE HEART CONFETTI IN TUBE,24,2011-05-06 09:00:00,1.65,13952.0,United Kingdom
552042,21199,PINK  HEART CONFETTI IN TUBE,12,2011-05-06 09:00:00,1.65,13952.0,United Kingdom
552042,84077,WORLD WAR 2 GLIDERS ASSTD DESIGNS,48,2011-05-06 09:00:00,0.29,13952.0,United Kingdom
552042,22066,LOVE HEART TRINKET POT,48,2011-05-06 09:00:00,0.39,13952.0,United Kingdom
552042,22060,LARGE CAKE STAND HANGING HEARTS,8,2011-05-06 09:00:00,3.95,13952.0,United Kingdom
552042,22062,CERAMIC BOWL WITH LOVE HEART DESIGN,18,2011-05-06 09:00:00,0.83,13952.0,United Kingdom
552042,22087,PAPER BUNTING WHITE LACE,12,2011-05-06 09:00:00,2.95,13952.0,United Kingdom
552042,22090,PAPER BUNTING RETROSPOT,12,2011-05-06 09:00:00,2.95,13952.0,United Kingdom
552042,22668,PINK BABY BUNTING,10,2011-05-06 09:00:00,2.95,13952.0,United Kingdom
552042,22669,RED BABY BUNTING ,15,2011-05-06 09:00:00,2.95,13952.0,United Kingdom
552042,21216,"SET 3 RETROSPOT TEA,COFFEE,SUGAR",8,2011-05-06 09:00:00,4.95,13952.0,United Kingdom
552042,22348,TEA BAG PLATE RED RETROSPOT,12,2011-05-06 09:00:00,0.85,13952.0,United Kingdom
552042,21218,RED SPOTTY BISCUIT TIN,6,2011-05-06 09:00:00,3.75,13952.0,United Kingdom
552042,21041,RED RETROSPOT OVEN GLOVE DOUBLE,6,2011-05-06 09:00:00,2.95,13952.0,United Kingdom
552042,21217,RED RETROSPOT ROUND CAKE TINS,4,2011-05-06 09:00:00,9.95,13952.0,United Kingdom
552042,20750,RED RETROSPOT MINI CASES,8,2011-05-06 09:00:00,7.95,13952.0,United Kingdom
552042,20914,SET/5 RED RETROSPOT LID GLASS BOWLS,12,2011-05-06 09:00:00,2.95,13952.0,United Kingdom
552042,21531,RED RETROSPOT SUGAR JAM BOWL,12,2011-05-06 09:00:00,2.55,13952.0,United Kingdom
552042,21533,RETROSPOT LARGE MILK JUG,12,2011-05-06 09:00:00,4.25,13952.0,United Kingdom
552547,71459,HANGING JAM JAR T-LIGHT HOLDER,96,2011-05-10 10:34:00,0.72,13098.0,United Kingdom
552547,23283,DOORMAT VINTAGE LEAVES DESIGN ,10,2011-05-10 10:34:00,6.75,13098.0,United Kingdom
552547,23233,WRAP POPPIES  DESIGN,25,2011-05-10 10:34:00,0.42,13098.0,United Kingdom
552547,23232,WRAP VINTAGE PETALS  DESIGN,25,2011-05-10 10:34:00,0.42,13098.0,United Kingdom
552547,23231,WRAP DOILEY DESIGN,25,2011-05-10 10:34:00,0.42,13098.0,United Kingdom
552547,23209,LUNCH BAG DOILEY PATTERN ,10,2011-05-10 10:34:00,1.65,13098.0,United Kingdom
552547,23208,LUNCH BAG VINTAGE LEAF DESIGN,10,2011-05-10 10:34:00,1.65,13098.0,United Kingdom
552547,23175,REGENCY MILK JUG PINK ,6,2011-05-10 10:34:00,3.25,13098.0,United Kingdom
552547,23174,REGENCY SUGAR BOWL GREEN,6,2011-05-10 10:34:00,4.15,13098.0,United Kingdom
552547,23173,REGENCY TEAPOT ROSES ,12,2011-05-10 10:34:00,8.15,13098.0,United Kingdom
552547,23172,REGENCY TEA PLATE PINK,12,2011-05-10 10:34:00,1.65,13098.0,United Kingdom
552547,23171,REGENCY TEA PLATE GREEN ,12,2011-05-10 10:34:00,1.65,13098.0,United Kingdom
552547,23170,REGENCY TEA PLATE ROSES ,12,2011-05-10 10:34:00,1.65,13098.0,United Kingdom
552547,23144,ZINC T-LIGHT HOLDER STARS SMALL,24,2011-05-10 10:34:00,0.83,13098.0,United Kingdom
552547,22704,WRAP RED APPLES ,25,2011-05-10 10:34:00,0.42,13098.0,United Kingdom
552547,22502,PICNIC BASKET WICKER SMALL,16,2011-05-10 10:34:00,4.95,13098.0,United Kingdom
552547,22501,PICNIC BASKET WICKER LARGE,16,2011-05-10 10:34:00,8.5,13098.0,United Kingdom
552547,22433,WATERING CAN GREEN DINOSAUR,6,2011-05-10 10:34:00,1.95,13098.0,United Kingdom
552547,22432,WATERING CAN PINK BUNNY,6,2011-05-10 10:34:00,1.95,13098.0,United Kingdom
552547,22431,WATERING CAN BLUE ELEPHANT,6,2011-05-10 10:34:00,1.95,13098.0,United Kingdom
552547,22384,LUNCH BAG PINK POLKADOT,20,2011-05-10 10:34:00,1.65,13098.0,United Kingdom
552547,22382,LUNCH BAG SPACEBOY DESIGN ,30,2011-05-10 10:34:00,1.65,13098.0,United Kingdom
552547,22379,RECYCLING BAG RETROSPOT ,10,2011-05-10 10:34:00,2.1,13098.0,United Kingdom
552547,23199,JUMBO BAG APPLES,10,2011-05-10 10:34:00,2.08,13098.0,United Kingdom
552547,20727,LUNCH BAG  BLACK SKULL.,20,2011-05-10 10:34:00,1.65,13098.0,United Kingdom
552547,21937,STRAWBERRY   PICNIC BAG,10,2011-05-10 10:34:00,2.95,13098.0,United Kingdom
552547,21936,RED RETROSPOT PICNIC BAG,10,2011-05-10 10:34:00,2.95,13098.0,United Kingdom
552547,21498,RED RETROSPOT WRAP ,25,2011-05-10 10:34:00,0.42,13098.0,United Kingdom
552547,21497,FANCY FONTS BIRTHDAY WRAP,25,2011-05-10 10:34:00,0.42,13098.0,United Kingdom
552547,20728,LUNCH BAG CARS BLUE,24,2011-05-10 10:34:00,1.65,13098.0,United Kingdom
552547,20725,LUNCH BAG RED RETROSPOT,24,2011-05-10 10:34:00,1.65,13098.0,United Kingdom
552547,20685,DOORMAT RED RETROSPOT,10,2011-05-10 10:34:00,6.75,13098.0,United Kingdom
552547,15036,ASSORTED COLOURS SILK FAN,12,2011-05-10 10:34:00,0.83,13098.0,United Kingdom
552710,79321,CHILLI LIGHTS,24,2011-05-11 07:35:00,4.95,13098.0,United Kingdom
552710,23283,DOORMAT VINTAGE LEAVES DESIGN ,10,2011-05-11 07:35:00,6.75,13098.0,United Kingdom
552710,23233,WRAP POPPIES  DESIGN,25,2011-05-11 07:35:00,0.42,13098.0,United Kingdom
552710,23232,WRAP VINTAGE PETALS  DESIGN,50,2011-05-11 07:35:00,0.42,13098.0,United Kingdom
552710,23231,WRAP DOILEY DESIGN,50,2011-05-11 07:35:00,0.42,13098.0,United Kingdom
552710,23209,LUNCH BAG DOILEY PATTERN ,20,2011-05-11 07:35:00,1.65,13098.0,United Kingdom
552710,23208,LUNCH BAG VINTAGE LEAF DESIGN,20,2011-05-11 07:35:00,1.65,13098.0,United Kingdom
552710,23202,JUMBO BAG VINTAGE LEAF,100,2011-05-11 07:35:00,1.79,13098.0,United Kingdom
552710,23199,JUMBO BAG APPLES,100,2011-05-11 07:35:00,1.79,13098.0,United Kingdom
552710,23175,REGENCY MILK JUG PINK ,6,2011-05-11 07:35:00,3.25,13098.0,United Kingdom
552710,23174,REGENCY SUGAR BOWL GREEN,6,2011-05-11 07:35:00,4.15,13098.0,United Kingdom
552710,23173,REGENCY TEAPOT ROSES ,12,2011-05-11 07:35:00,8.15,13098.0,United Kingdom
552710,23172,REGENCY TEA PLATE PINK,12,2011-05-11 07:35:00,1.65,13098.0,United Kingdom
552710,23171,REGENCY TEA PLATE GREEN ,12,2011-05-11 07:35:00,1.65,13098.0,United Kingdom
552710,23170,REGENCY TEA PLATE ROSES ,12,2011-05-11 07:35:00,1.65,13098.0,United Kingdom
552710,23144,ZINC T-LIGHT HOLDER STARS SMALL,24,2011-05-11 07:35:00,0.83,13098.0,United Kingdom
552710,23054,RECYCLED ACAPULCO MAT LAVENDER,4,2011-05-11 07:35:00,8.25,13098.0,United Kingdom
552710,23051,RECYCLED ACAPULCO MAT BLUE,4,2011-05-11 07:35:00,8.25,13098.0,United Kingdom
552710,23050,RECYCLED ACAPULCO MAT GREEN,4,2011-05-11 07:35:00,8.25,13098.0,United Kingdom
552710,23049,RECYCLED ACAPULCO MAT RED,6,2011-05-11 07:35:00,8.25,13098.0,United Kingdom
552710,22983,CARD BILLBOARD FONT,12,2011-05-11 07:35:00,0.42,13098.0,United Kingdom
552710,22847,BREAD BIN DINER STYLE IVORY,4,2011-05-11 07:35:00,14.95,13098.0,United Kingdom
552710,22846,BREAD BIN DINER STYLE RED ,4,2011-05-11 07:35:00,14.95,13098.0,United Kingdom
552710,22819,"BIRTHDAY CARD, RETRO SPOT",12,2011-05-11 07:35:00,0.42,13098.0,United Kingdom
552710,22740,POLKADOT PEN,48,2011-05-11 07:35:00,0.85,13098.0,United Kingdom
552710,22714,CARD BIRTHDAY COWBOY,24,2011-05-11 07:35:00,0.42,13098.0,United Kingdom
552710,22706,WRAP COWBOYS  ,25,2011-05-11 07:35:00,0.42,13098.0,United Kingdom
552710,22704,WRAP RED APPLES ,50,2011-05-11 07:35:00,0.42,13098.0,United Kingdom
552710,22699,ROSES REGENCY TEACUP AND SAUCER ,48,2011-05-11 07:35:00,2.55,13098.0,United Kingdom
552710,22692,DOORMAT WELCOME TO OUR HOME,10,2011-05-11 07:35:00,6.75,13098.0,United Kingdom
552710,22501,PICNIC BASKET WICKER LARGE,16,2011-05-11 07:35:00,8.5,13098.0,United Kingdom
552710,22433,WATERING CAN GREEN DINOSAUR,6,2011-05-11 07:35:00,1.95,13098.0,United Kingdom
552710,22432,WATERING CAN PINK BUNNY,6,2011-05-11 07:35:00,1.95,13098.0,United Kingdom
552710,22431,WATERING CAN BLUE ELEPHANT,6,2011-05-11 07:35:00,1.95,13098.0,United Kingdom
552710,22402,MAGNETS PACK OF 4 VINTAGE COLLAGE,24,2011-05-11 07:35:00,1.25,13098.0,United Kingdom
552710,22400,MAGNETS PACK OF 4 HOME SWEET HOME,12,2011-05-11 07:35:00,1.25,13098.0,United Kingdom
552710,22399,MAGNETS PACK OF 4 CHILDHOOD MEMORY,24,2011-05-11 07:35:00,1.25,13098.0,United Kingdom
552710,22386,JUMBO BAG PINK POLKADOT,100,2011-05-11 07:35:00,1.79,13098.0,United Kingdom
552710,22384,LUNCH BAG PINK POLKADOT,20,2011-05-11 07:35:00,1.65,13098.0,United Kingdom
552710,22378,WALL TIDY RETROSPOT ,15,2011-05-11 07:35:00,2.1,13098.0,United Kingdom
552710,22136,LOVE HEART SOCK HANGER,12,2011-05-11 07:35:00,1.65,13098.0,United Kingdom
552710,15036,ASSORTED COLOURS SILK FAN,36,2011-05-11 07:35:00,0.83,13098.0,United Kingdom
553868,22371,AIRLINE BAG VINTAGE TOKYO 78,48,2011-05-19 14:24:00,3.95,16998.0,United Kingdom
553871,22371,AIRLINE BAG VINTAGE TOKYO 78,2,2011-05-19 14:30:00,3.75,16998.0,United Kingdom
554556,22400,MAGNETS PACK OF 4 HOME SWEET HOME,12,2011-05-25 10:11:00,1.25,13098.0,United Kingdom
554556,22399,MAGNETS PACK OF 4 CHILDHOOD MEMORY,12,2011-05-25 10:11:00,1.25,13098.0,United Kingdom
554556,22382,LUNCH BAG SPACEBOY DESIGN ,20,2011-05-25 10:11:00,1.65,13098.0,United Kingdom
554556,22037,ROBOT BIRTHDAY CARD,12,2011-05-25 10:11:00,0.42,13098.0,United Kingdom
554556,21937,STRAWBERRY   PICNIC BAG,10,2011-05-25 10:11:00,2.95,13098.0,United Kingdom
554556,21936,RED RETROSPOT PICNIC BAG,15,2011-05-25 10:11:00,2.95,13098.0,United Kingdom
554556,21497,FANCY FONTS BIRTHDAY WRAP,25,2011-05-25 10:11:00,0.42,13098.0,United Kingdom
554556,20914,SET/5 RED RETROSPOT LID GLASS BOWLS,32,2011-05-25 10:11:00,2.55,13098.0,United Kingdom
554556,84692,BOX OF 24 COCKTAIL PARASOLS,50,2011-05-25 10:11:00,0.42,13098.0,United Kingdom
554556,84212,"ASSORTED FLOWER COLOUR ""LEIS""",48,2011-05-25 10:11:00,0.65,13098.0,United Kingdom
554556,71459,HANGING JAM JAR T-LIGHT HOLDER,192,2011-05-25 10:11:00,0.72,13098.0,United Kingdom
554556,48116,DOORMAT MULTICOLOUR STRIPE,10,2011-05-25 10:11:00,6.75,13098.0,United Kingdom
554556,23283,DOORMAT VINTAGE LEAVES DESIGN ,10,2011-05-25 10:11:00,6.75,13098.0,United Kingdom
554556,23233,WRAP POPPIES  DESIGN,25,2011-05-25 10:11:00,0.42,13098.0,United Kingdom
554556,23209,LUNCH BAG DOILEY PATTERN ,20,2011-05-25 10:11:00,1.65,13098.0,United Kingdom
554556,23208,LUNCH BAG VINTAGE LEAF DESIGN,20,2011-05-25 10:11:00,1.65,13098.0,United Kingdom
554556,23174,REGENCY SUGAR BOWL GREEN,6,2011-05-25 10:11:00,4.15,13098.0,United Kingdom
554556,23172,REGENCY TEA PLATE PINK,12,2011-05-25 10:11:00,1.65,13098.0,United Kingdom
554556,23171,REGENCY TEA PLATE GREEN ,12,2011-05-25 10:11:00,1.65,13098.0,United Kingdom
554556,23170,REGENCY TEA PLATE ROSES ,18,2011-05-25 10:11:00,1.65,13098.0,United Kingdom
554556,23054,RECYCLED ACAPULCO MAT LAVENDER,2,2011-05-25 10:11:00,8.25,13098.0,United Kingdom
554556,23051,RECYCLED ACAPULCO MAT BLUE,2,2011-05-25 10:11:00,8.25,13098.0,United Kingdom
554556,23050,RECYCLED ACAPULCO MAT GREEN,2,2011-05-25 10:11:00,8.25,13098.0,United Kingdom
554556,22433,WATERING CAN GREEN DINOSAUR,6,2011-05-25 10:11:00,1.95,13098.0,United Kingdom
554556,22432,WATERING CAN PINK BUNNY,6,2011-05-25 10:11:00,1.95,13098.0,United Kingdom
554556,22431,WATERING CAN BLUE ELEPHANT,6,2011-05-25 10:11:00,1.95,13098.0,United Kingdom
554556,22402,MAGNETS PACK OF 4 VINTAGE COLLAGE,12,2011-05-25 10:11:00,1.25,13098.0,United Kingdom
555836,84212,"ASSORTED FLOWER COLOUR ""LEIS""",96,2011-06-07 12:36:00,0.65,13098.0,United Kingdom
555836,23233,WRAP POPPIES  DESIGN,25,2011-06-07 12:36:00,0.42,13098.0,United Kingdom
555836,23232,WRAP VINTAGE PETALS  DESIGN,25,2011-06-07 12:36:00,0.42,13098.0,United Kingdom
555836,23231,WRAP DOILEY DESIGN,25,2011-06-07 12:36:00,0.42,13098.0,United Kingdom
555836,23208,LUNCH BAG VINTAGE LEAF DESIGN,30,2011-06-07 12:36:00,1.65,13098.0,United Kingdom
555836,23202,JUMBO BAG VINTAGE LEAF,100,2011-06-07 12:36:00,1.79,13098.0,United Kingdom
555836,22699,ROSES REGENCY TEACUP AND SAUCER ,24,2011-06-07 12:36:00,2.55,13098.0,United Kingdom
555836,22433,WATERING CAN GREEN DINOSAUR,6,2011-06-07 12:36:00,1.95,13098.0,United Kingdom
555836,22431,WATERING CAN BLUE ELEPHANT,12,2011-06-07 12:36:00,1.95,13098.0,United Kingdom
555836,20727,LUNCH BAG  BLACK SKULL.,10,2011-06-07 12:36:00,1.65,13098.0,United Kingdom
555836,22037,ROBOT BIRTHDAY CARD,12,2011-06-07 12:36:00,0.42,13098.0,United Kingdom
555836,22035,VINTAGE CARAVAN GREETING CARD ,12,2011-06-07 12:36:00,0.42,13098.0,United Kingdom
555836,22030,SWALLOWS GREETING CARD,12,2011-06-07 12:36:00,0.42,13098.0,United Kingdom
555836,22029,SPACEBOY BIRTHDAY CARD,12,2011-06-07 12:36:00,0.42,13098.0,United Kingdom
555836,22027,TEA PARTY BIRTHDAY CARD,12,2011-06-07 12:36:00,0.42,13098.0,United Kingdom
555836,21937,STRAWBERRY   PICNIC BAG,5,2011-06-07 12:36:00,2.95,13098.0,United Kingdom
555836,21936,RED RETROSPOT PICNIC BAG,5,2011-06-07 12:36:00,2.95,13098.0,United Kingdom
555836,21508,VINTAGE KID DOLLY CARD ,12,2011-06-07 12:36:00,0.42,13098.0,United Kingdom
555836,20725,LUNCH BAG RED RETROSPOT,10,2011-06-07 12:36:00,1.65,13098.0,United Kingdom
555836,15036,ASSORTED COLOURS SILK FAN,24,2011-06-07 12:36:00,0.83,13098.0,United Kingdom
557067,85123A,WHITE HANGING HEART T-LIGHT HOLDER,32,2011-06-16 15:12:00,2.55,13098.0,United Kingdom
557067,84212,"ASSORTED FLOWER COLOUR ""LEIS""",48,2011-06-16 15:12:00,0.65,13098.0,United Kingdom
557067,79321,CHILLI LIGHTS,24,2011-06-16 15:12:00,4.95,13098.0,United Kingdom
557067,71459,HANGING JAM JAR T-LIGHT HOLDER,192,2011-06-16 15:12:00,0.72,13098.0,United Kingdom
557067,23245,SET OF 3 REGENCY CAKE TINS,16,2011-06-16 15:12:00,4.15,13098.0,United Kingdom
557067,23231,WRAP DOILEY DESIGN,25,2011-06-16 15:12:00,0.42,13098.0,United Kingdom
557067,23209,LUNCH BAG DOILEY PATTERN ,40,2011-06-16 15:12:00,1.65,13098.0,United Kingdom
557067,23208,LUNCH BAG VINTAGE LEAF DESIGN,40,2011-06-16 15:12:00,1.65,13098.0,United Kingdom
557067,23175,REGENCY MILK JUG PINK ,12,2011-06-16 15:12:00,3.25,13098.0,United Kingdom
557067,23174,REGENCY SUGAR BOWL GREEN,12,2011-06-16 15:12:00,4.15,13098.0,United Kingdom
557067,23173,REGENCY TEAPOT ROSES ,12,2011-06-16 15:12:00,8.15,13098.0,United Kingdom
557067,23172,REGENCY TEA PLATE PINK,12,2011-06-16 15:12:00,1.65,13098.0,United Kingdom
557067,23171,REGENCY TEA PLATE GREEN ,12,2011-06-16 15:12:00,1.65,13098.0,United Kingdom
557067,23170,REGENCY TEA PLATE ROSES ,12,2011-06-16 15:12:00,1.65,13098.0,United Kingdom
557067,23054,RECYCLED ACAPULCO MAT LAVENDER,4,2011-06-16 15:12:00,8.25,13098.0,United Kingdom
557067,23051,RECYCLED ACAPULCO MAT BLUE,4,2011-06-16 15:12:00,8.25,13098.0,United Kingdom
557067,23050,RECYCLED ACAPULCO MAT GREEN,4,2011-06-16 15:12:00,8.25,13098.0,United Kingdom
557067,23049,RECYCLED ACAPULCO MAT RED,2,2011-06-16 15:12:00,8.25,13098.0,United Kingdom
557067,22983,CARD BILLBOARD FONT,12,2011-06-16 15:12:00,0.42,13098.0,United Kingdom
557067,22847,BREAD BIN DINER STYLE IVORY,4,2011-06-16 15:12:00,14.95,13098.0,United Kingdom
557067,22819,"BIRTHDAY CARD, RETRO SPOT",24,2011-06-16 15:12:00,0.42,13098.0,United Kingdom
557067,22704,WRAP RED APPLES ,25,2011-06-16 15:12:00,0.42,13098.0,United Kingdom
557067,22431,WATERING CAN BLUE ELEPHANT,6,2011-06-16 15:12:00,1.95,13098.0,United Kingdom
557067,22382,LUNCH BAG SPACEBOY DESIGN ,24,2011-06-16 15:12:00,1.65,13098.0,United Kingdom
557067,22046,TEA PARTY  WRAPPING PAPER ,25,2011-06-16 15:12:00,0.42,13098.0,United Kingdom
557067,22045,SPACEBOY GIFT WRAP,25,2011-06-16 15:12:00,0.42,13098.0,United Kingdom
557067,22037,ROBOT BIRTHDAY CARD,12,2011-06-16 15:12:00,0.42,13098.0,United Kingdom
557067,22035,VINTAGE CARAVAN GREETING CARD ,12,2011-06-16 15:12:00,0.42,13098.0,United Kingdom
557067,22027,TEA PARTY BIRTHDAY CARD,12,2011-06-16 15:12:00,0.42,13098.0,United Kingdom
557067,21936,RED RETROSPOT PICNIC BAG,5,2011-06-16 15:12:00,2.95,13098.0,United Kingdom
557067,21498,RED RETROSPOT WRAP ,25,2011-06-16 15:12:00,0.42,13098.0,United Kingdom
557067,21210,SET OF 72 RETROSPOT PAPER  DOILIES,12,2011-06-16 15:12:00,1.45,13098.0,United Kingdom
557067,21155,RED RETROSPOT PEG BAG,18,2011-06-16 15:12:00,2.55,13098.0,United Kingdom
557067,15036,ASSORTED COLOURS SILK FAN,24,2011-06-16 15:12:00,0.83,13098.0,United Kingdom
557900,22718,CARD CAT AND TREE ,12,2011-06-23 14:36:00,0.42,13098.0,United Kingdom
557900,22984,CARD GINGHAM ROSE ,12,2011-06-23 14:36:00,0.42,13098.0,United Kingdom
557900,23251,VINTAGE RED ENAMEL TRIM MUG ,12,2011-06-23 14:36:00,1.25,13098.0,United Kingdom
557900,84692,BOX OF 24 COCKTAIL PARASOLS,25,2011-06-23 14:36:00,0.42,13098.0,United Kingdom
557900,71459,HANGING JAM JAR T-LIGHT HOLDER,96,2011-06-23 14:36:00,0.72,13098.0,United Kingdom
557900,23283,DOORMAT VINTAGE LEAVES DESIGN ,10,2011-06-23 14:36:00,6.75,13098.0,United Kingdom
557900,23245,SET OF 3 REGENCY CAKE TINS,16,2011-06-23 14:36:00,4.15,13098.0,United Kingdom
557900,23209,LUNCH BAG DOILEY PATTERN ,10,2011-06-23 14:36:00,1.65,13098.0,United Kingdom
557900,23172,REGENCY TEA PLATE PINK,12,2011-06-23 14:36:00,1.65,13098.0,United Kingdom
557900,23171,REGENCY TEA PLATE GREEN ,12,2011-06-23 14:36:00,1.65,13098.0,United Kingdom
557900,23170,REGENCY TEA PLATE ROSES ,12,2011-06-23 14:36:00,1.65,13098.0,United Kingdom
557900,23054,RECYCLED ACAPULCO MAT LAVENDER,2,2011-06-23 14:36:00,8.25,13098.0,United Kingdom
557900,23051,RECYCLED ACAPULCO MAT BLUE,2,2011-06-23 14:36:00,8.25,13098.0,United Kingdom
557900,23050,RECYCLED ACAPULCO MAT GREEN,2,2011-06-23 14:36:00,8.25,13098.0,United Kingdom
557900,23049,RECYCLED ACAPULCO MAT RED,2,2011-06-23 14:36:00,8.25,13098.0,United Kingdom
557900,22849,BREAD BIN DINER STYLE MINT,4,2011-06-23 14:36:00,14.95,13098.0,United Kingdom
557900,22847,BREAD BIN DINER STYLE IVORY,4,2011-06-23 14:36:00,14.95,13098.0,United Kingdom
557900,22692,DOORMAT WELCOME TO OUR HOME,10,2011-06-23 14:36:00,6.75,13098.0,United Kingdom
557900,22432,WATERING CAN PINK BUNNY,6,2011-06-23 14:36:00,1.95,13098.0,United Kingdom
557900,21210,SET OF 72 RETROSPOT PAPER  DOILIES,12,2011-06-23 14:36:00,1.45,13098.0,United Kingdom
557900,23231,WRAP DOILEY DESIGN,25,2011-06-23 14:36:00,0.42,13098.0,United Kingdom
557900,22986,WRAP GINGHAM ROSE ,25,2011-06-23 14:36:00,0.42,13098.0,United Kingdom
559015,23283,DOORMAT VINTAGE LEAVES DESIGN ,10,2011-07-05 12:53:00,6.75,13098.0,United Kingdom
559015,23209,LUNCH BAG DOILEY PATTERN ,20,2011-07-05 12:53:00,1.65,13098.0,United Kingdom
559015,22690,DOORMAT HOME SWEET HOME BLUE ,10,2011-07-05 12:53:00,6.75,13098.0,United Kingdom
559015,20727,LUNCH BAG  BLACK SKULL.,10,2011-07-05 12:53:00,1.65,13098.0,United Kingdom
559015,48184,DOORMAT ENGLISH ROSE ,10,2011-07-05 12:53:00,6.75,13098.0,United Kingdom
559015,22384,LUNCH BAG PINK POLKADOT,10,2011-07-05 12:53:00,1.65,13098.0,United Kingdom
559015,22380,TOY TIDY SPACEBOY  ,5,2011-07-05 12:53:00,2.1,13098.0,United Kingdom
559015,22379,RECYCLING BAG RETROSPOT ,5,2011-07-05 12:53:00,2.1,13098.0,United Kingdom
559015,21498,RED RETROSPOT WRAP ,25,2011-07-05 12:53:00,0.42,13098.0,United Kingdom
559015,21155,RED RETROSPOT PEG BAG,6,2011-07-05 12:53:00,2.55,13098.0,United Kingdom
559015,20914,SET/5 RED RETROSPOT LID GLASS BOWLS,32,2011-07-05 12:53:00,2.55,13098.0,United Kingdom
559654,20727,LUNCH BAG  BLACK SKULL.,20,2011-07-11 12:54:00,1.65,13098.0,United Kingdom
559654,84692,BOX OF 24 COCKTAIL PARASOLS,25,2011-07-11 12:54:00,0.42,13098.0,United Kingdom
559654,84212,"ASSORTED FLOWER COLOUR ""LEIS""",24,2011-07-11 12:54:00,0.65,13098.0,United Kingdom
559654,48138,DOORMAT UNION FLAG,10,2011-07-11 12:54:00,6.75,13098.0,United Kingdom
559654,23283,DOORMAT VINTAGE LEAF,20,2011-07-11 12:54:00,6.75,13098.0,United Kingdom
559654,23231,WRAP DOILEY DESIGN,25,2011-07-11 12:54:00,0.42,13098.0,United Kingdom
559654,23209,LUNCH BAG DOILEY PATTERN ,30,2011-07-11 12:54:00,1.65,13098.0,United Kingdom
559654,23054,RECYCLED ACAPULCO MAT LAVENDER,2,2011-07-11 12:54:00,8.25,13098.0,United Kingdom
559654,23051,RECYCLED ACAPULCO MAT BLUE,6,2011-07-11 12:54:00,8.25,13098.0,United Kingdom
559654,23050,RECYCLED ACAPULCO MAT GREEN,6,2011-07-11 12:54:00,8.25,13098.0,United Kingdom
559654,23049,RECYCLED ACAPULCO MAT RED,6,2011-07-11 12:54:00,8.25,13098.0,United Kingdom
559654,22704,WRAP RED APPLES ,25,2011-07-11 12:54:00,0.42,13098.0,United Kingdom
559654,22692,DOORMAT WELCOME TO OUR HOME,10,2011-07-11 12:54:00,6.75,13098.0,United Kingdom
559654,22690,DOORMAT HOME SWEET HOME BLUE ,10,2011-07-11 12:54:00,6.75,13098.0,United Kingdom
559654,22431,WATERING CAN BLUE ELEPHANT,12,2011-07-11 12:54:00,1.95,13098.0,United Kingdom
559654,22384,LUNCH BAG PINK POLKADOT,20,2011-07-11 12:54:00,1.65,13098.0,United Kingdom
559654,21497,FANCY FONTS BIRTHDAY WRAP,25,2011-07-11 12:54:00,0.42,13098.0,United Kingdom
559654,20728,LUNCH BAG CARS BLUE,24,2011-07-11 12:54:00,1.65,13098.0,United Kingdom
559654,20725,LUNCH BAG RED RETROSPOT,24,2011-07-11 12:54:00,1.65,13098.0,United Kingdom
559654,20685,DOORMAT RED RETROSPOT,10,2011-07-11 12:54:00,6.75,13098.0,United Kingdom
559654,15036,ASSORTED COLOURS SILK FAN,24,2011-07-11 12:54:00,0.83,13098.0,United Kingdom
559828,22371,AIRLINE BAG VINTAGE TOKYO 78,2,2011-07-13 09:44:00,3.95,16998.0,United Kingdom
560047,23242,TREASURE TIN BUFFALO BILL ,1,2011-07-14 15:01:00,2.08,17259.0,United Kingdom
560047,22139,RETROSPOT TEA SET CERAMIC 11 PC ,1,2011-07-14 15:01:00,4.95,17259.0,United Kingdom
560047,22623,BOX OF VINTAGE JIGSAW BLOCKS ,1,2011-07-14 15:01:00,5.95,17259.0,United Kingdom
560047,22491,PACK OF 12 COLOURED PENCILS,1,2011-07-14 15:01:00,0.85,17259.0,United Kingdom
560047,47566,PARTY BUNTING,1,2011-07-14 15:01:00,4.95,17259.0,United Kingdom
560047,21719,LOVELY BONBON STICKER SHEET,1,2011-07-14 15:01:00,0.85,17259.0,United Kingdom
560047,85099C,JUMBO  BAG BAROQUE BLACK WHITE,1,2011-07-14 15:01:00,2.08,17259.0,United Kingdom
560047,21936,RED RETROSPOT PICNIC BAG,1,2011-07-14 15:01:00,2.95,17259.0,United Kingdom
560047,21889,WOODEN BOX OF DOMINOES,1,2011-07-14 15:01:00,1.25,17259.0,United Kingdom
560047,21918,SET 12 KIDS COLOUR  CHALK STICKS,1,2011-07-14 15:01:00,0.42,17259.0,United Kingdom
560047,22611,VINTAGE UNION JACK SHOPPING BAG,1,2011-07-14 15:01:00,4.95,17259.0,United Kingdom
560047,23238,SET OF 4 KNICK KNACK TINS LONDON ,1,2011-07-14 15:01:00,4.15,17259.0,United Kingdom
560047,21509,COWBOYS AND INDIANS BIRTHDAY CARD ,12,2011-07-14 15:01:00,0.42,17259.0,United Kingdom
560047,22029,SPACEBOY BIRTHDAY CARD,12,2011-07-14 15:01:00,0.42,17259.0,United Kingdom
560047,21504,SKULLS GREETING CARD,12,2011-07-14 15:01:00,0.42,17259.0,United Kingdom
560047,21713,CITRONELLA CANDLE FLOWERPOT,4,2011-07-14 15:01:00,2.1,17259.0,United Kingdom
560047,84870B,BLUE GEISHA GIRL ,2,2011-07-14 15:01:00,3.75,17259.0,United Kingdom
560047,23092,LARGE ANTIQUE WHITE PHOTO FRAME,4,2011-07-14 15:01:00,7.9,17259.0,United Kingdom
560047,22475,SKULL DESIGN TV DINNER TRAY,1,2011-07-14 15:01:00,4.95,17259.0,United Kingdom
560047,22118,JOY WOODEN BLOCK LETTERS,1,2011-07-14 15:01:00,4.95,17259.0,United Kingdom
560047,21755,LOVE BUILDING BLOCK WORD,1,2011-07-14 15:01:00,5.95,17259.0,United Kingdom
560047,71459,HANGING JAM JAR T-LIGHT HOLDER,12,2011-07-14 15:01:00,0.85,17259.0,United Kingdom
560047,21609,SET 12 LAVENDER  BOTANICAL T-LIGHTS,4,2011-07-14 15:01:00,2.95,17259.0,United Kingdom
560047,85049G,CHOCOLATE BOX RIBBONS ,2,2011-07-14 15:01:00,1.25,17259.0,United Kingdom
560047,85049D,BRIGHT BLUES RIBBONS ,1,2011-07-14 15:01:00,1.25,17259.0,United Kingdom
560047,22077,6 RIBBONS RUSTIC CHARM,2,2011-07-14 15:01:00,1.65,17259.0,United Kingdom
560047,85049C,ROMANTIC PINKS RIBBONS ,1,2011-07-14 15:01:00,1.25,17259.0,United Kingdom
560047,84978,HANGING HEART JAR T-LIGHT HOLDER,6,2011-07-14 15:01:00,1.25,17259.0,United Kingdom
560047,23022,SMALL BONNE JAM JAR  T-LIGHT HOLDER,6,2011-07-14 15:01:00,2.08,17259.0,United Kingdom
560047,84945,MULTI COLOUR SILVER T-LIGHT HOLDER,24,2011-07-14 15:01:00,0.85,17259.0,United Kingdom
560047,22315,200 RED + WHITE BENDY STRAWS,1,2011-07-14 15:01:00,1.25,17259.0,United Kingdom
560047,22441,GROW YOUR OWN BASIL IN ENAMEL MUG,3,2011-07-14 15:01:00,2.1,17259.0,United Kingdom
560047,23023,RIDGED BONNE JAM JAR T-LIGHT HOLDER,6,2011-07-14 15:01:00,1.65,17259.0,United Kingdom
560047,21467,CHERRY CROCHET FOOD COVER,3,2011-07-14 15:01:00,3.75,17259.0,United Kingdom
560854,22740,POLKADOT PEN,48,2011-07-21 12:46:00,0.85,13098.0,United Kingdom
560854,22704,WRAP RED APPLES ,25,2011-07-21 12:46:00,0.42,13098.0,United Kingdom
560854,22986,WRAP GINGHAM ROSE ,25,2011-07-21 12:46:00,0.42,13098.0,United Kingdom
560854,84970S,HANGING HEART ZINC T-LIGHT HOLDER,24,2011-07-21 12:46:00,0.85,13098.0,United Kingdom
560854,23232,WRAP VINTAGE LEAF DESIGN,25,2011-07-21 12:46:00,0.42,13098.0,United Kingdom
560854,23231,WRAP DOILEY DESIGN,25,2011-07-21 12:46:00,0.42,13098.0,United Kingdom
560854,23209,LUNCH BAG DOILEY PATTERN ,10,2011-07-21 12:46:00,1.65,13098.0,United Kingdom
560854,23174,REGENCY SUGAR BOWL GREEN,6,2011-07-21 12:46:00,4.15,13098.0,United Kingdom
560854,22423,REGENCY CAKESTAND 3 TIER,16,2011-07-21 12:46:00,10.95,13098.0,United Kingdom
560854,23206,LUNCH BAG APPLE DESIGN,10,2011-07-21 12:46:00,1.65,13098.0,United Kingdom
560854,22384,LUNCH BAG PINK POLKADOT,10,2011-07-21 12:46:00,1.65,13098.0,United Kingdom
560854,22382,LUNCH BAG SPACEBOY DESIGN ,10,2011-07-21 12:46:00,1.65,13098.0,United Kingdom
560854,21498,RED RETROSPOT WRAP ,25,2011-07-21 12:46:00,0.42,13098.0,United Kingdom
560854,21497,FANCY FONTS BIRTHDAY WRAP,25,2011-07-21 12:46:00,0.42,13098.0,United Kingdom
560854,21155,RED RETROSPOT PEG BAG,6,2011-07-21 12:46:00,2.55,13098.0,United Kingdom
560854,20685,DOORMAT RED RETROSPOT,10,2011-07-21 12:46:00,6.75,13098.0,United Kingdom
561528,22984,CARD GINGHAM ROSE ,12,2011-07-28 08:55:00,0.42,13098.0,United Kingdom
561528,21506,"FANCY FONT BIRTHDAY CARD, ",12,2011-07-28 08:55:00,0.42,13098.0,United Kingdom
561528,22028,PENNY FARTHING BIRTHDAY CARD,12,2011-07-28 08:55:00,0.42,13098.0,United Kingdom
561528,22718,CARD CAT AND TREE ,12,2011-07-28 08:55:00,0.42,13098.0,United Kingdom
561528,22027,TEA PARTY BIRTHDAY CARD,12,2011-07-28 08:55:00,0.42,13098.0,United Kingdom
561528,23231,WRAP DOILEY DESIGN,25,2011-07-28 08:55:00,0.42,13098.0,United Kingdom
561528,22712,CARD DOLLY GIRL ,12,2011-07-28 08:55:00,0.42,13098.0,United Kingdom
561528,23203,JUMBO BAG DOILEY PATTERNS,100,2011-07-28 08:55:00,1.79,13098.0,United Kingdom
561528,23174,REGENCY SUGAR BOWL GREEN,12,2011-07-28 08:55:00,4.15,13098.0,United Kingdom
561528,23172,REGENCY TEA PLATE PINK,12,2011-07-28 08:55:00,1.65,13098.0,United Kingdom
561528,23171,REGENCY TEA PLATE GREEN ,12,2011-07-28 08:55:00,1.65,13098.0,United Kingdom
561528,23170,REGENCY TEA PLATE ROSES ,12,2011-07-28 08:55:00,1.65,13098.0,United Kingdom
561528,23051,RECYCLED ACAPULCO MAT BLUE,2,2011-07-28 08:55:00,8.25,13098.0,United Kingdom
561528,23050,RECYCLED ACAPULCO MAT GREEN,2,2011-07-28 08:55:00,8.25,13098.0,United Kingdom
561528,23049,RECYCLED ACAPULCO MAT RED,2,2011-07-28 08:55:00,8.25,13098.0,United Kingdom
561528,22847,BREAD BIN DINER STYLE IVORY,4,2011-07-28 08:55:00,14.95,13098.0,United Kingdom
561528,22846,BREAD BIN DINER STYLE RED ,4,2011-07-28 08:55:00,14.95,13098.0,United Kingdom
562282,85099B,JUMBO BAG RED RETROSPOT,100,2011-08-04 10:38:00,1.79,13098.0,United Kingdom
562282,84692,BOX OF 24 COCKTAIL PARASOLS,100,2011-08-04 10:38:00,0.42,13098.0,United Kingdom
562282,48116,DOORMAT MULTICOLOUR STRIPE,10,2011-08-04 10:38:00,6.75,13098.0,United Kingdom
562282,23233,WRAP POPPIES  DESIGN,50,2011-08-04 10:38:00,0.42,13098.0,United Kingdom
562282,23232,WRAP VINTAGE LEAF DESIGN,50,2011-08-04 10:38:00,0.42,13098.0,United Kingdom
562282,23231,WRAP DOILEY DESIGN,50,2011-08-04 10:38:00,0.42,13098.0,United Kingdom
562282,23209,LUNCH BAG DOILEY PATTERN ,50,2011-08-04 10:38:00,1.65,13098.0,United Kingdom
562282,23208,LUNCH BAG VINTAGE LEAF DESIGN,30,2011-08-04 10:38:00,1.65,13098.0,United Kingdom
562282,23203,JUMBO BAG DOILEY PATTERNS,100,2011-08-04 10:38:00,1.79,13098.0,United Kingdom
562282,23202,JUMBO BAG VINTAGE LEAF,100,2011-08-04 10:38:00,1.79,13098.0,United Kingdom
562282,23199,JUMBO BAG APPLES,100,2011-08-04 10:38:00,1.79,13098.0,United Kingdom
562282,23172,REGENCY TEA PLATE PINK,12,2011-08-04 10:38:00,1.65,13098.0,United Kingdom
562282,23171,REGENCY TEA PLATE GREEN ,12,2011-08-04 10:38:00,1.65,13098.0,United Kingdom
562282,23170,REGENCY TEA PLATE ROSES ,12,2011-08-04 10:38:00,1.65,13098.0,United Kingdom
562282,23054,RECYCLED ACAPULCO MAT LAVENDER,4,2011-08-04 10:38:00,8.25,13098.0,United Kingdom
562282,23049,RECYCLED ACAPULCO MAT RED,6,2011-08-04 10:38:00,8.25,13098.0,United Kingdom
562282,22849,BREAD BIN DINER STYLE MINT,4,2011-08-04 10:38:00,14.95,13098.0,United Kingdom
562282,22848,BREAD BIN DINER STYLE PINK,4,2011-08-04 10:38:00,14.95,13098.0,United Kingdom
562282,22847,BREAD BIN DINER STYLE IVORY,4,2011-08-04 10:38:00,14.95,13098.0,United Kingdom
562282,22846,BREAD BIN DINER STYLE RED ,4,2011-08-04 10:38:00,14.95,13098.0,United Kingdom
562282,22704,WRAP RED APPLES ,50,2011-08-04 10:38:00,0.42,13098.0,United Kingdom
562282,22699,ROSES REGENCY TEACUP AND SAUCER ,24,2011-08-04 10:38:00,2.55,13098.0,United Kingdom
562282,22433,WATERING CAN GREEN DINOSAUR,6,2011-08-04 10:38:00,1.95,13098.0,United Kingdom
562282,22431,WATERING CAN BLUE ELEPHANT,6,2011-08-04 10:38:00,1.95,13098.0,United Kingdom
562282,22384,LUNCH BAG PINK POLKADOT,50,2011-08-04 10:38:00,1.65,13098.0,United Kingdom
562282,22382,LUNCH BAG SPACEBOY DESIGN ,50,2011-08-04 10:38:00,1.65,13098.0,United Kingdom
562282,22046,TEA PARTY  WRAPPING PAPER ,50,2011-08-04 10:38:00,0.42,13098.0,United Kingdom
562282,22045,SPACEBOY GIFT WRAP,50,2011-08-04 10:38:00,0.42,13098.0,United Kingdom
562282,21498,RED RETROSPOT WRAP ,50,2011-08-04 10:38:00,0.42,13098.0,United Kingdom
562282,21497,FANCY FONTS BIRTHDAY WRAP,50,2011-08-04 10:38:00,0.42,13098.0,United Kingdom
562282,21210,SET OF 72 RETROSPOT PAPER  DOILIES,12,2011-08-04 10:38:00,1.45,13098.0,United Kingdom
562282,20727,LUNCH BAG  BLACK SKULL.,30,2011-08-04 10:38:00,1.65,13098.0,United Kingdom
562282,20728,LUNCH BAG CARS BLUE,30,2011-08-04 10:38:00,1.65,13098.0,United Kingdom
562282,20725,LUNCH BAG RED RETROSPOT,50,2011-08-04 10:38:00,1.65,13098.0,United Kingdom
562282,20685,DOORMAT RED RETROSPOT,10,2011-08-04 10:38:00,6.75,13098.0,United Kingdom
563686,23245,SET OF 3 REGENCY CAKE TINS,16,2011-08-18 12:30:00,4.15,13098.0,United Kingdom
563686,48184,DOORMAT ENGLISH ROSE ,10,2011-08-18 12:30:00,6.75,13098.0,United Kingdom
563686,22718,CARD CAT AND TREE ,12,2011-08-18 12:30:00,0.42,13098.0,United Kingdom
563686,22712,CARD DOLLY GIRL ,24,2011-08-18 12:30:00,0.42,13098.0,United Kingdom
563686,21506,"FANCY FONT BIRTHDAY CARD, ",12,2011-08-18 12:30:00,0.42,13098.0,United Kingdom
563686,22028,PENNY FARTHING BIRTHDAY CARD,12,2011-08-18 12:30:00,0.42,13098.0,United Kingdom
563686,48116,DOORMAT MULTICOLOUR STRIPE,10,2011-08-18 12:30:00,6.75,13098.0,United Kingdom
563686,23231,WRAP  VINTAGE DOILY ,50,2011-08-18 12:30:00,0.42,13098.0,United Kingdom
563686,23209,LUNCH BAG VINTAGE DOILY ,40,2011-08-18 12:30:00,1.65,13098.0,United Kingdom
563686,23208,LUNCH BAG VINTAGE LEAF DESIGN,30,2011-08-18 12:30:00,1.65,13098.0,United Kingdom
563686,23206,LUNCH BAG APPLE DESIGN,40,2011-08-18 12:30:00,1.65,13098.0,United Kingdom
563686,22704,WRAP RED APPLES ,25,2011-08-18 12:30:00,0.42,13098.0,United Kingdom
563686,22692,DOORMAT WELCOME TO OUR HOME,10,2011-08-18 12:30:00,6.75,13098.0,United Kingdom
563686,22986,WRAP GINGHAM ROSE ,25,2011-08-18 12:30:00,0.42,13098.0,United Kingdom
563686,21498,RED RETROSPOT WRAP ,25,2011-08-18 12:30:00,0.42,13098.0,United Kingdom
563686,21497,FANCY FONTS BIRTHDAY WRAP,25,2011-08-18 12:30:00,0.42,13098.0,United Kingdom
563686,20727,LUNCH BAG  BLACK SKULL.,30,2011-08-18 12:30:00,1.65,13098.0,United Kingdom
563686,20725,LUNCH BAG RED RETROSPOT,30,2011-08-18 12:30:00,1.65,13098.0,United Kingdom
565781,22986,WRAP GINGHAM ROSE ,25,2011-09-06 15:34:00,0.42,13098.0,United Kingdom
565781,85123A,WHITE HANGING HEART T-LIGHT HOLDER,32,2011-09-06 15:34:00,2.55,13098.0,United Kingdom
565781,84970S,HANGING HEART ZINC T-LIGHT HOLDER,36,2011-09-06 15:34:00,0.85,13098.0,United Kingdom
565781,84692,BOX OF 24 COCKTAIL PARASOLS,25,2011-09-06 15:34:00,0.42,13098.0,United Kingdom
565781,23245,SET OF 3 REGENCY CAKE TINS,16,2011-09-06 15:34:00,4.15,13098.0,United Kingdom
565781,23231,WRAP  VINTAGE DOILY ,25,2011-09-06 15:34:00,0.42,13098.0,United Kingdom
565781,23209,LUNCH BAG VINTAGE DOILY ,20,2011-09-06 15:34:00,1.65,13098.0,United Kingdom
565781,22712,CARD DOLLY GIRL ,12,2011-09-06 15:34:00,0.42,13098.0,United Kingdom
565781,22984,CARD GINGHAM ROSE ,12,2011-09-06 15:34:00,0.42,13098.0,United Kingdom
565781,23175,REGENCY MILK JUG PINK ,24,2011-09-06 15:34:00,2.75,13098.0,United Kingdom
565781,23173,REGENCY TEAPOT ROSES ,12,2011-09-06 15:34:00,8.15,13098.0,United Kingdom
565781,23172,REGENCY TEA PLATE PINK,24,2011-09-06 15:34:00,1.65,13098.0,United Kingdom
565781,23171,REGENCY TEA PLATE GREEN ,18,2011-09-06 15:34:00,1.65,13098.0,United Kingdom
565781,23170,REGENCY TEA PLATE ROSES ,24,2011-09-06 15:34:00,1.65,13098.0,United Kingdom
565781,22699,ROSES REGENCY TEACUP AND SAUCER ,48,2011-09-06 15:34:00,2.55,13098.0,United Kingdom
565781,22028,PENNY FARTHING BIRTHDAY CARD,24,2011-09-06 15:34:00,0.42,13098.0,United Kingdom
565781,22718,CARD CAT AND TREE ,24,2011-09-06 15:34:00,0.42,13098.0,United Kingdom
565781,22046,TEA PARTY  WRAPPING PAPER ,25,2011-09-06 15:34:00,0.42,13098.0,United Kingdom
565781,22027,TEA PARTY BIRTHDAY CARD,12,2011-09-06 15:34:00,0.42,13098.0,United Kingdom
565781,21210,SET OF 72 RETROSPOT PAPER  DOILIES,12,2011-09-06 15:34:00,1.45,13098.0,United Kingdom
566576,85123A,WHITE HANGING HEART T-LIGHT HOLDER,32,2011-09-13 13:21:00,2.55,13098.0,United Kingdom
566576,85099B,JUMBO BAG RED RETROSPOT,100,2011-09-13 13:21:00,1.79,13098.0,United Kingdom
566576,84692,BOX OF 24 COCKTAIL PARASOLS,50,2011-09-13 13:21:00,0.42,13098.0,United Kingdom
566576,79321,CHILLI LIGHTS,48,2011-09-13 13:21:00,4.95,13098.0,United Kingdom
566576,23231,WRAP  VINTAGE DOILY ,25,2011-09-13 13:21:00,0.42,13098.0,United Kingdom
566576,23209,LUNCH BAG VINTAGE DOILY ,30,2011-09-13 13:21:00,1.65,13098.0,United Kingdom
566576,23208,LUNCH BAG VINTAGE LEAF DESIGN,20,2011-09-13 13:21:00,1.65,13098.0,United Kingdom
566576,23203,JUMBO BAG VINTAGE DOILY ,100,2011-09-13 13:21:00,1.79,13098.0,United Kingdom
566576,23202,JUMBO BAG VINTAGE LEAF,100,2011-09-13 13:21:00,1.79,13098.0,United Kingdom
566576,23199,JUMBO BAG APPLES,100,2011-09-13 13:21:00,1.79,13098.0,United Kingdom
566576,22847,BREAD BIN DINER STYLE IVORY,4,2011-09-13 13:21:00,14.95,13098.0,United Kingdom
566576,22846,BREAD BIN DINER STYLE RED ,4,2011-09-13 13:21:00,14.95,13098.0,United Kingdom
566576,22704,WRAP RED APPLES ,50,2011-09-13 13:21:00,0.42,13098.0,United Kingdom
566576,22423,REGENCY CAKESTAND 3 TIER,32,2011-09-13 13:21:00,10.95,13098.0,United Kingdom
566576,22386,JUMBO BAG PINK POLKADOT,100,2011-09-13 13:21:00,1.79,13098.0,United Kingdom
566576,22385,JUMBO BAG SPACEBOY DESIGN,100,2011-09-13 13:21:00,1.79,13098.0,United Kingdom
566576,22381,TOY TIDY PINK POLKADOT,20,2011-09-13 13:21:00,2.1,13098.0,United Kingdom
566576,22379,RECYCLING BAG RETROSPOT ,20,2011-09-13 13:21:00,2.1,13098.0,United Kingdom
566576,20914,SET/5 RED RETROSPOT LID GLASS BOWLS,32,2011-09-13 13:21:00,2.55,13098.0,United Kingdom
566576,20727,LUNCH BAG  BLACK SKULL.,10,2011-09-13 13:21:00,1.65,13098.0,United Kingdom
570268,84949,SILVER HANGING T-LIGHT HOLDER,72,2011-10-10 10:16:00,1.45,13098.0,United Kingdom
570268,84946,ANTIQUE SILVER T-LIGHT GLASS,72,2011-10-10 10:16:00,1.06,13098.0,United Kingdom
570268,84347,ROTATING SILVER ANGELS T-LIGHT HLDR,120,2011-10-10 10:16:00,2.1,13098.0,United Kingdom
570268,79321,CHILLI LIGHTS,24,2011-10-10 10:16:00,4.95,13098.0,United Kingdom
570268,23541,WALL ART CLASSIC PUDDINGS ,12,2011-10-10 10:16:00,7.45,13098.0,United Kingdom
570268,23534,WALL ART STOP FOR TEA ,12,2011-10-10 10:16:00,5.95,13098.0,United Kingdom
570268,23493,VINTAGE DOILY TRAVEL SEWING KIT,30,2011-10-10 10:16:00,1.95,13098.0,United Kingdom
570268,23353,6 GIFT TAGS VINTAGE CHRISTMAS ,72,2011-10-10 10:16:00,0.83,13098.0,United Kingdom
570268,23344,JUMBO BAG 50'S CHRISTMAS ,30,2011-10-10 10:16:00,2.08,13098.0,United Kingdom
570268,23343,JUMBO BAG VINTAGE CHRISTMAS ,20,2011-10-10 10:16:00,2.08,13098.0,United Kingdom
570268,23319,BOX OF 6 MINI 50'S CRACKERS,48,2011-10-10 10:16:00,2.08,13098.0,United Kingdom
570268,23318,BOX OF 6 MINI VINTAGE CRACKERS,48,2011-10-10 10:16:00,2.08,13098.0,United Kingdom
570268,23247,BISCUIT TIN 50'S CHRISTMAS,36,2011-10-10 10:16:00,2.49,13098.0,United Kingdom
570268,23014,GLASS APOTHECARY BOTTLE ELIXIR,12,2011-10-10 10:16:00,3.45,13098.0,United Kingdom
570268,23013,GLASS APOTHECARY BOTTLE TONIC,12,2011-10-10 10:16:00,3.45,13098.0,United Kingdom
570268,23012,GLASS APOTHECARY BOTTLE PERFUME,12,2011-10-10 10:16:00,3.45,13098.0,United Kingdom
570268,22749,FELTCRAFT PRINCESS CHARLOTTE DOLL,48,2011-10-10 10:16:00,3.39,13098.0,United Kingdom
570268,22585,PACK OF 6 BIRDY GIFT TAGS,60,2011-10-10 10:16:00,1.25,13098.0,United Kingdom
570268,22273,FELTCRAFT DOLL MOLLY,48,2011-10-10 10:16:00,2.55,13098.0,United Kingdom
570268,22150,3 STRIPEY MICE FELTCRAFT,40,2011-10-10 10:16:00,1.65,13098.0,United Kingdom
570268,22086,PAPER CHAIN KIT 50'S CHRISTMAS ,80,2011-10-10 10:16:00,2.55,13098.0,United Kingdom
570275,84949,SILVER HANGING T-LIGHT HOLDER,72,2011-10-10 10:57:00,1.45,13098.0,United Kingdom
570275,84946,ANTIQUE SILVER T-LIGHT GLASS,72,2011-10-10 10:57:00,1.06,13098.0,United Kingdom
570275,84347,ROTATING SILVER ANGELS T-LIGHT HLDR,120,2011-10-10 10:57:00,2.1,13098.0,United Kingdom
570275,23541,WALL ART CLASSIC PUDDINGS ,12,2011-10-10 10:57:00,7.45,13098.0,United Kingdom
570275,23534,WALL ART STOP FOR TEA ,12,2011-10-10 10:57:00,5.95,13098.0,United Kingdom
570275,23493,VINTAGE DOILY TRAVEL SEWING KIT,30,2011-10-10 10:57:00,1.95,13098.0,United Kingdom
570275,23353,6 GIFT TAGS VINTAGE CHRISTMAS ,72,2011-10-10 10:57:00,0.83,13098.0,United Kingdom
570275,23344,JUMBO BAG 50'S CHRISTMAS ,40,2011-10-10 10:57:00,2.08,13098.0,United Kingdom
570275,23343,JUMBO BAG VINTAGE CHRISTMAS ,40,2011-10-10 10:57:00,2.08,13098.0,United Kingdom
570275,23319,BOX OF 6 MINI 50'S CRACKERS,96,2011-10-10 10:57:00,2.08,13098.0,United Kingdom
570275,23318,BOX OF 6 MINI VINTAGE CRACKERS,48,2011-10-10 10:57:00,2.08,13098.0,United Kingdom
570275,23293,SET OF 12 FAIRY CAKE BAKING CASES,8,2011-10-10 10:57:00,0.83,13098.0,United Kingdom
570275,23291,DOLLY GIRL CHILDRENS CUP,8,2011-10-10 10:57:00,1.25,13098.0,United Kingdom
570275,23290,SPACEBOY CHILDRENS BOWL,8,2011-10-10 10:57:00,1.25,13098.0,United Kingdom
570275,23289,DOLLY GIRL CHILDRENS BOWL,8,2011-10-10 10:57:00,1.25,13098.0,United Kingdom
570275,23247,BISCUIT TIN 50'S CHRISTMAS,36,2011-10-10 10:57:00,2.49,13098.0,United Kingdom
570275,23230,WRAP ALPHABET DESIGN,25,2011-10-10 10:57:00,0.42,13098.0,United Kingdom
570275,23209,LUNCH BAG VINTAGE DOILY ,20,2011-10-10 10:57:00,1.65,13098.0,United Kingdom
570275,23208,LUNCH BAG VINTAGE LEAF DESIGN,20,2011-10-10 10:57:00,1.65,13098.0,United Kingdom
570275,23207,LUNCH BAG ALPHABET DESIGN,20,2011-10-10 10:57:00,1.65,13098.0,United Kingdom
570275,23014,GLASS APOTHECARY BOTTLE ELIXIR,12,2011-10-10 10:57:00,3.45,13098.0,United Kingdom
570275,23013,GLASS APOTHECARY BOTTLE TONIC,12,2011-10-10 10:57:00,3.45,13098.0,United Kingdom
570275,23012,GLASS APOTHECARY BOTTLE PERFUME,12,2011-10-10 10:57:00,3.45,13098.0,United Kingdom
570275,22749,FELTCRAFT PRINCESS CHARLOTTE DOLL,48,2011-10-10 10:57:00,3.39,13098.0,United Kingdom
570275,22585,PACK OF 6 BIRDY GIFT TAGS,144,2011-10-10 10:57:00,1.06,13098.0,United Kingdom
570275,22273,FELTCRAFT DOLL MOLLY,48,2011-10-10 10:57:00,2.55,13098.0,United Kingdom
570275,22150,3 STRIPEY MICE FELTCRAFT,40,2011-10-10 10:57:00,1.65,13098.0,United Kingdom
570275,22086,PAPER CHAIN KIT 50'S CHRISTMAS ,160,2011-10-10 10:57:00,2.55,13098.0,United Kingdom
570275,20727,LUNCH BAG  BLACK SKULL.,20,2011-10-10 10:57:00,1.65,13098.0,United Kingdom
570280,22158,3 HEARTS HANGING DECORATION RUSTIC,64,2011-10-10 11:12:00,2.55,15473.0,United Kingdom
570280,23131,MISTLETOE HEART WREATH CREAM,48,2011-10-10 11:12:00,3.75,15473.0,United Kingdom
570280,22910,PAPER CHAIN KIT VINTAGE CHRISTMAS,80,2011-10-10 11:12:00,2.55,15473.0,United Kingdom
570441,22086,PAPER CHAIN KIT 50'S CHRISTMAS ,40,2011-10-10 14:37:00,2.55,15473.0,United Kingdom
570844,22086,PAPER CHAIN KIT 50'S CHRISTMAS ,40,2011-10-12 14:28:00,2.55,15473.0,United Kingdom
570848,22086,PAPER CHAIN KIT 50'S CHRISTMAS ,40,2011-10-12 14:42:00,2.55,15473.0,United Kingdom
570849,22910,PAPER CHAIN KIT VINTAGE CHRISTMAS,40,2011-10-12 14:43:00,2.55,15473.0,United Kingdom
570849,22086,PAPER CHAIN KIT 50'S CHRISTMAS ,40,2011-10-12 14:43:00,2.55,15473.0,United Kingdom
573143,23084,RABBIT NIGHT LIGHT,24,2011-10-27 17:56:00,1.79,13098.0,United Kingdom
573143,84692,BOX OF 24 COCKTAIL PARASOLS,50,2011-10-27 17:56:00,0.42,13098.0,United Kingdom
573143,48138,DOORMAT UNION FLAG,10,2011-10-27 17:56:00,7.08,13098.0,United Kingdom
573143,23583,LUNCH BAG PAISLEY PARK  ,20,2011-10-27 17:56:00,1.65,13098.0,United Kingdom
573143,23581,JUMBO BAG PAISLEY PARK,100,2011-10-27 17:56:00,1.79,13098.0,United Kingdom
573143,23568,EGG CUP HENRIETTA HEN CREAM ,12,2011-10-27 17:56:00,1.25,13098.0,United Kingdom
573143,23567,EGG CUP HENRIETTA HEN PINK,12,2011-10-27 17:56:00,1.25,13098.0,United Kingdom
573143,23565,EGG CUP MILKMAID HELGA ,12,2011-10-27 17:56:00,1.25,13098.0,United Kingdom
573143,23564,EGG CUP MILKMAID INGRID,12,2011-10-27 17:56:00,1.25,13098.0,United Kingdom
573143,23546,WRAP PAISLEY PARK ,50,2011-10-27 17:56:00,0.42,13098.0,United Kingdom
573143,23545,WRAP RED VINTAGE DOILY,50,2011-10-27 17:56:00,0.42,13098.0,United Kingdom
573143,23346,SPACEBOY BEAKER,12,2011-10-27 17:56:00,1.25,13098.0,United Kingdom
573143,23345, DOLLY GIRL BEAKER,12,2011-10-27 17:56:00,1.25,13098.0,United Kingdom
573143,23293,SET OF 12 FAIRY CAKE BAKING CASES,8,2011-10-27 17:56:00,0.83,13098.0,United Kingdom
573143,23291,DOLLY GIRL CHILDRENS CUP,8,2011-10-27 17:56:00,1.25,13098.0,United Kingdom
573143,23290,SPACEBOY CHILDRENS BOWL,8,2011-10-27 17:56:00,1.25,13098.0,United Kingdom
573143,23289,DOLLY GIRL CHILDRENS BOWL,8,2011-10-27 17:56:00,1.25,13098.0,United Kingdom
573143,23247,BISCUIT TIN 50'S CHRISTMAS,36,2011-10-27 17:56:00,2.49,13098.0,United Kingdom
573143,23231,WRAP  VINTAGE DOILY ,25,2011-10-27 17:56:00,0.42,13098.0,United Kingdom
573143,23230,WRAP ALPHABET DESIGN,50,2011-10-27 17:56:00,0.42,13098.0,United Kingdom
573143,23207,LUNCH BAG ALPHABET DESIGN,20,2011-10-27 17:56:00,1.65,13098.0,United Kingdom
573143,23167,SMALL CERAMIC TOP STORAGE JAR ,96,2011-10-27 17:56:00,0.69,13098.0,United Kingdom
573143,23165,LARGE CERAMIC TOP STORAGE JAR,48,2011-10-27 17:56:00,1.45,13098.0,United Kingdom
573143,21498,RED RETROSPOT WRAP ,75,2011-10-27 17:56:00,0.42,13098.0,United Kingdom
573143,20914,SET/5 RED RETROSPOT LID GLASS BOWLS,32,2011-10-27 17:56:00,2.55,13098.0,United Kingdom
573143,20725,LUNCH BAG RED RETROSPOT,20,2011-10-27 17:56:00,1.65,13098.0,United Kingdom
575725,85123A,WHITE HANGING HEART T-LIGHT HOLDER,32,2011-11-10 18:46:00,2.55,13098.0,United Kingdom
575725,84692,BOX OF 24 COCKTAIL PARASOLS,50,2011-11-10 18:46:00,0.42,13098.0,United Kingdom
575725,79321,CHILLI LIGHTS,72,2011-11-10 18:46:00,4.95,13098.0,United Kingdom
575725,23681,LUNCH BAG RED VINTAGE DOILY,10,2011-11-10 18:46:00,1.65,13098.0,United Kingdom
575725,23583,LUNCH BAG PAISLEY PARK  ,10,2011-11-10 18:46:00,1.65,13098.0,United Kingdom
575725,23346,SPACEBOY BEAKER,12,2011-11-10 18:46:00,1.25,13098.0,United Kingdom
575725,23345, DOLLY GIRL BEAKER,12,2011-11-10 18:46:00,1.25,13098.0,United Kingdom
575725,23319,BOX OF 6 MINI 50'S CRACKERS,240,2011-11-10 18:46:00,2.08,13098.0,United Kingdom
575725,23318,BOX OF 6 MINI VINTAGE CRACKERS,48,2011-11-10 18:46:00,2.08,13098.0,United Kingdom
575725,23292,SPACEBOY CHILDRENS CUP,8,2011-11-10 18:46:00,1.25,13098.0,United Kingdom
575725,23291,DOLLY GIRL CHILDRENS CUP,8,2011-11-10 18:46:00,1.25,13098.0,United Kingdom
575725,23290,SPACEBOY CHILDRENS BOWL,8,2011-11-10 18:46:00,1.25,13098.0,United Kingdom
575725,23289,DOLLY GIRL CHILDRENS BOWL,8,2011-11-10 18:46:00,1.25,13098.0,United Kingdom
575725,23245,SET OF 3 REGENCY CAKE TINS,16,2011-11-10 18:46:00,4.15,13098.0,United Kingdom
575725,23231,WRAP  VINTAGE DOILY ,50,2011-11-10 18:46:00,0.42,13098.0,United Kingdom
575725,23230,WRAP ALPHABET DESIGN,50,2011-11-10 18:46:00,0.42,13098.0,United Kingdom
575725,23209,LUNCH BAG VINTAGE DOILY ,10,2011-11-10 18:46:00,1.65,13098.0,United Kingdom
575725,23208,LUNCH BAG VINTAGE LEAF DESIGN,10,2011-11-10 18:46:00,1.65,13098.0,United Kingdom
575725,23203,JUMBO BAG VINTAGE DOILY ,100,2011-11-10 18:46:00,1.79,13098.0,United Kingdom
575725,23167,SMALL CERAMIC TOP STORAGE JAR ,96,2011-11-10 18:46:00,0.69,13098.0,United Kingdom
575725,22847,BREAD BIN DINER STYLE IVORY,4,2011-11-10 18:46:00,14.95,13098.0,United Kingdom
575725,22384,LUNCH BAG PINK POLKADOT,10,2011-11-10 18:46:00,1.65,13098.0,United Kingdom
575725,22382,LUNCH BAG SPACEBOY DESIGN ,20,2011-11-10 18:46:00,1.65,13098.0,United Kingdom
575725,22149,FELTCRAFT 6 FLOWER FRIENDS,28,2011-11-10 18:46:00,1.85,13098.0,United Kingdom
575725,22045,SPACEBOY GIFT WRAP,25,2011-11-10 18:46:00,0.42,13098.0,United Kingdom
575725,21498,RED RETROSPOT WRAP ,25,2011-11-10 18:46:00,0.42,13098.0,United Kingdom
575725,21497,FANCY FONTS BIRTHDAY WRAP,25,2011-11-10 18:46:00,0.42,13098.0,United Kingdom
575725,21210,SET OF 72 RETROSPOT PAPER  DOILIES,24,2011-11-10 18:46:00,1.45,13098.0,United Kingdom
575725,20914,SET/5 RED RETROSPOT LID GLASS BOWLS,32,2011-11-10 18:46:00,2.55,13098.0,United Kingdom
575725,20727,LUNCH BAG  BLACK SKULL.,20,2011-11-10 18:46:00,1.65,13098.0,United Kingdom
575725,20728,LUNCH BAG CARS BLUE,20,2011-11-10 18:46:00,1.65,13098.0,United Kingdom
575725,20725,LUNCH BAG RED RETROSPOT,20,2011-11-10 18:46:00,1.65,13098.0,United Kingdom
575920,22086,PAPER CHAIN KIT 50'S CHRISTMAS ,120,2011-11-11 17:01:00,2.55,15473.0,United Kingdom
577357,23293,SET OF 12 FAIRY CAKE BAKING CASES,24,2011-11-18 15:54:00,0.83,13098.0,United Kingdom
577357,79321,CHILLI LIGHTS,24,2011-11-18 15:54:00,4.95,13098.0,United Kingdom
577357,23681,LUNCH BAG RED VINTAGE DOILY,20,2011-11-18 15:54:00,1.65,13098.0,United Kingdom
577357,23583,LUNCH BAG PAISLEY PARK  ,20,2011-11-18 15:54:00,1.65,13098.0,United Kingdom
577357,23568,EGG CUP HENRIETTA HEN CREAM ,24,2011-11-18 15:54:00,1.25,13098.0,United Kingdom
577357,23567,EGG CUP HENRIETTA HEN PINK,24,2011-11-18 15:54:00,1.25,13098.0,United Kingdom
577357,23344,JUMBO BAG 50'S CHRISTMAS ,40,2011-11-18 15:54:00,2.08,13098.0,United Kingdom
577357,23319,BOX OF 6 MINI 50'S CRACKERS,48,2011-11-18 15:54:00,2.08,13098.0,United Kingdom
577357,23207,LUNCH BAG ALPHABET DESIGN,20,2011-11-18 15:54:00,1.65,13098.0,United Kingdom
577357,23084,RABBIT NIGHT LIGHT,72,2011-11-18 15:54:00,1.79,13098.0,United Kingdom
577357,23013,GLASS APOTHECARY BOTTLE TONIC,12,2011-11-18 15:54:00,3.45,13098.0,United Kingdom
577357,23012,GLASS APOTHECARY BOTTLE PERFUME,12,2011-11-18 15:54:00,3.45,13098.0,United Kingdom
577357,22423,REGENCY CAKESTAND 3 TIER,16,2011-11-18 15:54:00,10.95,13098.0,United Kingdom
578831,22910,PAPER CHAIN KIT VINTAGE CHRISTMAS,80,2011-11-25 15:15:00,2.55,15473.0,United Kingdom
578831,22086,PAPER CHAIN KIT 50'S CHRISTMAS ,80,2011-11-25 15:15:00,2.55,15473.0,United Kingdom
579250,21833,CAMOUFLAGE LED TORCH,12,2011-11-28 16:35:00,1.69,14480.0,United Kingdom
579250,23108,SET OF 10 LED DOLLY LIGHTS,2,2011-11-28 16:35:00,6.25,14480.0,United Kingdom
579250,23215,JINGLE BELL HEART ANTIQUE SILVER,24,2011-11-28 16:35:00,2.08,14480.0,United Kingdom
579250,23355,HOT WATER BOTTLE KEEP CALM,4,2011-11-28 16:35:00,4.95,14480.0,United Kingdom
579250,23503,PLAYING CARDS KEEP CALM & CARRY ON,12,2011-11-28 16:35:00,1.25,14480.0,United Kingdom
579250,22865,HAND WARMER OWL DESIGN,12,2011-11-28 16:35:00,2.1,14480.0,United Kingdom
579250,23491,VINTAGE JINGLE BELLS HEART,2,2011-11-28 16:35:00,8.25,14480.0,United Kingdom
579250,20972,PINK CREAM FELT CRAFT TRINKET BOX ,12,2011-11-28 16:35:00,1.25,14480.0,United Kingdom
579250,22112,CHOCOLATE HOT WATER BOTTLE,3,2011-11-28 16:35:00,4.95,14480.0,United Kingdom
579250,22867,HAND WARMER BIRD DESIGN,12,2011-11-28 16:35:00,2.1,14480.0,United Kingdom
579250,22621,TRADITIONAL KNITTING NANCY,12,2011-11-28 16:35:00,1.65,14480.0,United Kingdom
579250,22596,CHRISTMAS STAR WISH LIST CHALKBOARD,12,2011-11-28 16:35:00,1.25,14480.0,United Kingdom
579250,23078,ICE CREAM PEN LIP GLOSS ,24,2011-11-28 16:35:00,1.25,14480.0,United Kingdom
579545,84949,SILVER HANGING T-LIGHT HOLDER,72,2011-11-30 10:18:00,1.45,13098.0,United Kingdom
579545,23345, DOLLY GIRL BEAKER,12,2011-11-30 10:18:00,1.25,13098.0,United Kingdom
579545,23344,JUMBO BAG 50'S CHRISTMAS ,50,2011-11-30 10:18:00,2.08,13098.0,United Kingdom
579545,23343,JUMBO BAG VINTAGE CHRISTMAS ,40,2011-11-30 10:18:00,2.08,13098.0,United Kingdom
579545,23292,SPACEBOY CHILDRENS CUP,16,2011-11-30 10:18:00,1.25,13098.0,United Kingdom
579545,23232,WRAP VINTAGE LEAF DESIGN,25,2011-11-30 10:18:00,0.42,13098.0,United Kingdom
579545,23209,LUNCH BAG VINTAGE DOILY ,20,2011-11-30 10:18:00,1.65,13098.0,United Kingdom
579545,23208,LUNCH BAG VINTAGE LEAF DESIGN,20,2011-11-30 10:18:00,1.65,13098.0,United Kingdom
579545,23207,LUNCH BAG ALPHABET DESIGN,20,2011-11-30 10:18:00,1.65,13098.0,United Kingdom
579545,23202,JUMBO BAG VINTAGE LEAF,100,2011-11-30 10:18:00,1.79,13098.0,United Kingdom
579545,23084,RABBIT NIGHT LIGHT,24,2011-11-30 10:18:00,1.79,13098.0,United Kingdom
579545,22846,BREAD BIN DINER STYLE RED ,4,2011-11-30 10:18:00,14.95,13098.0,United Kingdom
579545,22384,LUNCH BAG PINK POLKADOT,20,2011-11-30 10:18:00,1.65,13098.0,United Kingdom
579545,22382,LUNCH BAG SPACEBOY DESIGN ,10,2011-11-30 10:18:00,1.65,13098.0,United Kingdom
579545,20914,SET/5 RED RETROSPOT LID GLASS BOWLS,32,2011-11-30 10:18:00,2.55,13098.0,United Kingdom
579545,20727,LUNCH BAG  BLACK SKULL.,20,2011-11-30 10:18:00,1.65,13098.0,United Kingdom
579545,20728,LUNCH BAG CARS BLUE,10,2011-11-30 10:18:00,1.65,13098.0,United Kingdom
579545,20725,LUNCH BAG RED RETROSPOT,20,2011-11-30 10:18:00,1.65,13098.0,United Kingdom
579690,22485,SET OF 2 WOODEN MARKET CRATES,1,2011-11-30 14:03:00,12.75,15060.0,United Kingdom
579690,22456,NATURAL SLATE CHALKBOARD LARGE ,1,2011-11-30 14:03:00,4.95,15060.0,United Kingdom
579690,23461,SWEETHEART BIRD HOUSE,1,2011-11-30 14:03:00,4.15,15060.0,United Kingdom
579690,23090,VINTAGE GLASS T-LIGHT HOLDER,12,2011-11-30 14:03:00,0.83,15060.0,United Kingdom
579690,21494,ROTATING LEAVES T-LIGHT HOLDER,1,2011-11-30 14:03:00,1.25,15060.0,United Kingdom
579690,21154,RED RETROSPOT OVEN GLOVE ,1,2011-11-30 14:03:00,1.25,15060.0,United Kingdom
579690,84876B,GREEN HEART COMPACT MIRROR,1,2011-11-30 14:03:00,1.25,15060.0,United Kingdom
579690,84877B,GREEN ROUND COMPACT MIRROR,2,2011-11-30 14:03:00,1.25,15060.0,United Kingdom
579690,21592,RETROSPOT CIGAR BOX MATCHES ,3,2011-11-30 14:03:00,1.25,15060.0,United Kingdom
579690,21991,BOHEMIAN COLLAGE STATIONERY SET,2,2011-11-30 14:03:00,1.25,15060.0,United Kingdom
579690,35471D,SET OF 3 BIRD LIGHT PINK FEATHER ,2,2011-11-30 14:03:00,0.39,15060.0,United Kingdom
579690,85049E,SCANDINAVIAN REDS RIBBONS,1,2011-11-30 14:03:00,1.25,15060.0,United Kingdom
579690,23562,SET OF 6 RIBBONS PERFECTLY PRETTY  ,1,2011-11-30 14:03:00,2.89,15060.0,United Kingdom
579690,22982,PANTRY PASTRY BRUSH,1,2011-11-30 14:03:00,1.25,15060.0,United Kingdom
579690,23100,SILVER BELLS TABLE DECORATION,1,2011-11-30 14:03:00,1.25,15060.0,United Kingdom
579690,23275,SET OF 3 HANGING OWLS OLLIE BEAK,1,2011-11-30 14:03:00,1.25,15060.0,United Kingdom
579690,23084,RABBIT NIGHT LIGHT,1,2011-11-30 14:03:00,2.08,15060.0,United Kingdom
579690,22616,PACK OF 12 LONDON TISSUES ,2,2011-11-30 14:03:00,0.39,15060.0,United Kingdom
579690,21258,VICTORIAN SEWING BOX LARGE,1,2011-11-30 14:03:00,12.75,15060.0,United Kingdom
579690,22597,MUSICAL ZINC HEART DECORATION ,2,2011-11-30 14:03:00,0.29,15060.0,United Kingdom
579690,22734,SET OF 6 RIBBONS VINTAGE CHRISTMAS,2,2011-11-30 14:03:00,2.89,15060.0,United Kingdom
579690,23694,PAISLEY PARK CARD,12,2011-11-30 14:03:00,0.42,15060.0,United Kingdom
579690,85049A,TRADITIONAL CHRISTMAS RIBBONS,1,2011-11-30 14:03:00,1.25,15060.0,United Kingdom
579690,22028,PENNY FARTHING BIRTHDAY CARD,12,2011-11-30 14:03:00,0.42,15060.0,United Kingdom
579690,22209,WOOD STAMP SET HAPPY BIRTHDAY,1,2011-11-30 14:03:00,0.83,15060.0,United Kingdom
579690,22952,60 CAKE CASES VINTAGE CHRISTMAS,1,2011-11-30 14:03:00,0.55,15060.0,United Kingdom
579690,22266,EASTER DECORATION HANGING BUNNY,1,2011-11-30 14:03:00,0.19,15060.0,United Kingdom
579690,35810B,ENAMEL BLUE RIM COFFEE CONTAINER,1,2011-11-30 14:03:00,0.83,15060.0,United Kingdom
579690,21616,4 PEAR BOTANICAL DINNER CANDLES,1,2011-11-30 14:03:00,1.25,15060.0,United Kingdom
579690,21619,4 VANILLA BOTANICAL CANDLES,1,2011-11-30 14:03:00,1.25,15060.0,United Kingdom
579690,21615,4 LAVENDER BOTANICAL DINNER CANDLES,1,2011-11-30 14:03:00,1.25,15060.0,United Kingdom
579690,85111,SILVER GLITTER FLOWER VOTIVE HOLDER,6,2011-11-30 14:03:00,0.29,15060.0,United Kingdom
579690,85183A,CHARLIE & LOLA WASTEPAPER BIN BLUE,1,2011-11-30 14:03:00,1.25,15060.0,United Kingdom
579690,22500,SET OF 2 TINS JARDIN DE PROVENCE,1,2011-11-30 14:03:00,4.95,15060.0,United Kingdom
579690,23395,BELLE JARDINIERE CUSHION COVER,1,2011-11-30 14:03:00,3.75,15060.0,United Kingdom
579690,23394,POSTE FRANCE CUSHION COVER,1,2011-11-30 14:03:00,3.75,15060.0,United Kingdom
579690,22654,DELUXE SEWING KIT ,1,2011-11-30 14:03:00,5.95,15060.0,United Kingdom
579690,23198,PANTRY MAGNETIC  SHOPPING LIST,1,2011-11-30 14:03:00,1.45,15060.0,United Kingdom
579690,22358,KINGS CHOICE TEA CADDY ,1,2011-11-30 14:03:00,2.95,15060.0,United Kingdom
579690,22507,MEMO BOARD RETROSPOT  DESIGN,1,2011-11-30 14:03:00,4.95,15060.0,United Kingdom
579690,22278,OVERNIGHT BAG VINTAGE ROSE PAISLEY,3,2011-11-30 14:03:00,4.95,15060.0,United Kingdom
579690,21034,REX CASH+CARRY JUMBO SHOPPER,2,2011-11-30 14:03:00,0.95,15060.0,United Kingdom
579711,85177,BASKET OF FLOWERS SEWING KIT,2,2011-11-30 14:17:00,0.85,15060.0,United Kingdom
579711,22616,PACK OF 12 LONDON TISSUES ,6,2011-11-30 14:17:00,0.39,15060.0,United Kingdom
579711,23376,PACK OF 12 VINTAGE CHRISTMAS TISSUE,5,2011-11-30 14:17:00,0.39,15060.0,United Kingdom
579711,23571,TRADITIONAL NAUGHTS & CROSSES,1,2011-11-30 14:17:00,1.65,15060.0,United Kingdom
579711,17012D,ORIGAMI ROSE INCENSE/CANDLE SET ,2,2011-11-30 14:17:00,0.85,15060.0,United Kingdom
579711,17012B,ORIGAMI JASMINE INCENSE/CANDLE SET,1,2011-11-30 14:17:00,0.85,15060.0,United Kingdom
579711,21154,RED RETROSPOT OVEN GLOVE ,2,2011-11-30 14:17:00,1.25,15060.0,United Kingdom
579711,22734,SET OF 6 RIBBONS VINTAGE CHRISTMAS,1,2011-11-30 14:17:00,2.89,15060.0,United Kingdom
579711,22585,PACK OF 6 BIRDY GIFT TAGS,2,2011-11-30 14:17:00,1.25,15060.0,United Kingdom
579711,85176,SEWING SUSAN 21 NEEDLE SET,2,2011-11-30 14:17:00,0.85,15060.0,United Kingdom
579711,85183A,CHARLIE & LOLA WASTEPAPER BIN BLUE,1,2011-11-30 14:17:00,1.25,15060.0,United Kingdom
579711,85049A,TRADITIONAL CHRISTMAS RIBBONS,2,2011-11-30 14:17:00,1.25,15060.0,United Kingdom
579711,23359,SET OF 12 T-LIGHTS VINTAGE DOILY,1,2011-11-30 14:17:00,1.95,15060.0,United Kingdom
579711,21991,BOHEMIAN COLLAGE STATIONERY SET,2,2011-11-30 14:17:00,1.25,15060.0,United Kingdom
579711,22209,WOOD STAMP SET HAPPY BIRTHDAY,1,2011-11-30 14:17:00,0.83,15060.0,United Kingdom
579711,22952,60 CAKE CASES VINTAGE CHRISTMAS,2,2011-11-30 14:17:00,0.55,15060.0,United Kingdom
579711,22208,WOOD STAMP SET THANK YOU,1,2011-11-30 14:17:00,0.83,15060.0,United Kingdom
579711,23378,PACK OF 12 50'S CHRISTMAS TISSUES,1,2011-11-30 14:17:00,0.39,15060.0,United Kingdom
579711,22597,MUSICAL ZINC HEART DECORATION ,2,2011-11-30 14:17:00,0.29,15060.0,United Kingdom
579711,22578,WOODEN STAR CHRISTMAS SCANDINAVIAN,4,2011-11-30 14:17:00,0.29,15060.0,United Kingdom
579711,22577,WOODEN HEART CHRISTMAS SCANDINAVIAN,3,2011-11-30 14:17:00,0.29,15060.0,United Kingdom
579711,85111,SILVER GLITTER FLOWER VOTIVE HOLDER,4,2011-11-30 14:17:00,0.29,15060.0,United Kingdom
579711,22697,GREEN REGENCY TEACUP AND SAUCER,1,2011-11-30 14:17:00,2.95,15060.0,United Kingdom
579711,23090,VINTAGE GLASS T-LIGHT HOLDER,12,2011-11-30 14:17:00,0.83,15060.0,United Kingdom
579711,22378,WALL TIDY RETROSPOT ,1,2011-11-30 14:17:00,2.1,15060.0,United Kingdom
579711,23461,SWEETHEART BIRD HOUSE,1,2011-11-30 14:17:00,4.15,15060.0,United Kingdom
579711,85049E,SCANDINAVIAN REDS RIBBONS,1,2011-11-30 14:17:00,1.25,15060.0,United Kingdom
579711,23354,6 GIFT TAGS 50'S CHRISTMAS ,3,2011-11-30 14:17:00,0.83,15060.0,United Kingdom
579711,21592,RETROSPOT CIGAR BOX MATCHES ,3,2011-11-30 14:17:00,1.25,15060.0,United Kingdom
579711,21080,SET/20 RED RETROSPOT PAPER NAPKINS ,5,2011-11-30 14:17:00,0.85,15060.0,United Kingdom
579711,22654,DELUXE SEWING KIT ,1,2011-11-30 14:17:00,5.95,15060.0,United Kingdom
579711,23100,SILVER BELLS TABLE DECORATION,1,2011-11-30 14:17:00,1.25,15060.0,United Kingdom
579711,23275,SET OF 3 HANGING OWLS OLLIE BEAK,1,2011-11-30 14:17:00,1.25,15060.0,United Kingdom
579711,23352,ROLL WRAP 50'S RED CHRISTMAS ,1,2011-11-30 14:17:00,1.25,15060.0,United Kingdom
579711,23351,ROLL WRAP 50'S CHRISTMAS,1,2011-11-30 14:17:00,1.25,15060.0,United Kingdom
579711,22358,KINGS CHOICE TEA CADDY ,1,2011-11-30 14:17:00,2.95,15060.0,United Kingdom
579711,23570,TRADITIONAL PICK UP STICKS GAME ,1,2011-11-30 14:17:00,1.25,15060.0,United Kingdom
579711,22115,METAL SIGN EMPIRE TEA,1,2011-11-30 14:17:00,0.79,15060.0,United Kingdom
579711,16254,TRANSPARENT ACRYLIC TAPE DISPENSER,1,2011-11-30 14:17:00,0.85,15060.0,United Kingdom
579711,21616,4 PEAR BOTANICAL DINNER CANDLES,1,2011-11-30 14:17:00,1.25,15060.0,United Kingdom
579711,21615,4 LAVENDER BOTANICAL DINNER CANDLES,1,2011-11-30 14:17:00,1.25,15060.0,United Kingdom
579711,21619,4 VANILLA BOTANICAL CANDLES,1,2011-11-30 14:17:00,1.25,15060.0,United Kingdom
579711,35471D,SET OF 3 BIRD LIGHT PINK FEATHER ,2,2011-11-30 14:17:00,0.39,15060.0,United Kingdom
579711,85032B,BLOSSOM IMAGES GIFT WRAP SET,1,2011-11-30 14:17:00,0.65,15060.0,United Kingdom
579711,22349,DOG BOWL CHASING BALL DESIGN,1,2011-11-30 14:17:00,3.75,15060.0,United Kingdom
579711,84877B,GREEN ROUND COMPACT MIRROR,1,2011-11-30 14:17:00,1.25,15060.0,United Kingdom
579711,84876B,GREEN HEART COMPACT MIRROR,1,2011-11-30 14:17:00,1.25,15060.0,United Kingdom
579711,21980,PACK OF 12 RED RETROSPOT TISSUES ,2,2011-11-30 14:17:00,0.39,15060.0,United Kingdom
579711,85032C,CURIOUS IMAGES GIFT WRAP SET,1,2011-11-30 14:17:00,0.65,15060.0,United Kingdom
579711,22754,SMALL RED BABUSHKA NOTEBOOK ,1,2011-11-30 14:17:00,0.85,15060.0,United Kingdom
579711,22755,SMALL PURPLE BABUSHKA NOTEBOOK ,1,2011-11-30 14:17:00,0.85,15060.0,United Kingdom
579711,20755,BLUE PAISLEY POCKET BOOK,3,2011-11-30 14:17:00,0.85,15060.0,United Kingdom
579711,20777,CHRYSANTHEMUM NOTEBOOK,2,2011-11-30 14:17:00,1.65,15060.0,United Kingdom
579711,22348,TEA BAG PLATE RED RETROSPOT,3,2011-11-30 14:17:00,0.85,15060.0,United Kingdom
579711,23394,POSTE FRANCE CUSHION COVER,1,2011-11-30 14:17:00,3.75,15060.0,United Kingdom
579711,23395,BELLE JARDINIERE CUSHION COVER,3,2011-11-30 14:17:00,3.75,15060.0,United Kingdom
579711,21428,SET3 BOOK BOX GREEN GINGHAM FLOWER ,1,2011-11-30 14:17:00,4.25,15060.0,United Kingdom
579711,21034,REX CASH+CARRY JUMBO SHOPPER,1,2011-11-30 14:17:00,0.95,15060.0,United Kingdom
579711,22456,NATURAL SLATE CHALKBOARD LARGE ,1,2011-11-30 14:17:00,4.95,15060.0,United Kingdom
579725,20668,DISCO BALL CHRISTMAS DECORATION,24,2011-11-30 14:21:00,0.12,15060.0,United Kingdom
580069,22456,NATURAL SLATE CHALKBOARD LARGE ,1,2011-12-01 13:47:00,4.95,15060.0,United Kingdom
580069,22030,SWALLOWS GREETING CARD,12,2011-12-01 13:47:00,0.42,15060.0,United Kingdom
580069,22402,MAGNETS PACK OF 4 VINTAGE COLLAGE,2,2011-12-01 13:47:00,0.39,15060.0,United Kingdom
580069,23291,DOLLY GIRL CHILDRENS CUP,1,2011-12-01 13:47:00,1.25,15060.0,United Kingdom
580069,23292,SPACEBOY CHILDRENS CUP,1,2011-12-01 13:47:00,1.25,15060.0,United Kingdom
580069,23499,SET 12 VINTAGE DOILY CHALK ,1,2011-12-01 13:47:00,0.42,15060.0,United Kingdom
580069,21916,SET 12 RETRO WHITE CHALK STICKS,1,2011-12-01 13:47:00,0.42,15060.0,United Kingdom
580069,21991,BOHEMIAN COLLAGE STATIONERY SET,2,2011-12-01 13:47:00,1.25,15060.0,United Kingdom
580532,23084,RABBIT NIGHT LIGHT,48,2011-12-04 15:54:00,1.79,13098.0,United Kingdom
580532,23013,GLASS APOTHECARY BOTTLE TONIC,12,2011-12-04 15:54:00,3.45,13098.0,United Kingdom
580532,23012,GLASS APOTHECARY BOTTLE PERFUME,24,2011-12-04 15:54:00,3.45,13098.0,United Kingdom
580532,22846,BREAD BIN DINER STYLE RED ,4,2011-12-04 15:54:00,14.95,13098.0,United Kingdom
580532,22150,3 STRIPEY MICE FELTCRAFT,40,2011-12-04 15:54:00,1.65,13098.0,United Kingdom
580532,84347,ROTATING SILVER ANGELS T-LIGHT HLDR,120,2011-12-04 15:54:00,2.1,13098.0,United Kingdom
580533,23534,WALL ART STOP FOR TEA ,18,2011-12-04 15:55:00,5.35,13098.0,United Kingdom
581410,84949,SILVER HANGING T-LIGHT HOLDER,72,2011-12-08 14:14:00,1.45,13098.0,United Kingdom
581410,84692,BOX OF 24 COCKTAIL PARASOLS,25,2011-12-08 14:14:00,0.42,13098.0,United Kingdom
581410,84347,ROTATING SILVER ANGELS T-LIGHT HLDR,48,2011-12-08 14:14:00,2.55,13098.0,United Kingdom
581410,48184,DOORMAT ENGLISH ROSE ,10,2011-12-08 14:14:00,7.08,13098.0,United Kingdom
581410,23681,LUNCH BAG RED VINTAGE DOILY,20,2011-12-08 14:14:00,1.65,13098.0,United Kingdom
581410,23582,VINTAGE DOILY JUMBO BAG RED ,100,2011-12-08 14:14:00,1.79,13098.0,United Kingdom
581410,23576,SNACK TRAY RED VINTAGE DOILY,8,2011-12-08 14:14:00,1.95,13098.0,United Kingdom
581410,23575,SNACK TRAY PAISLEY PARK,8,2011-12-08 14:14:00,1.95,13098.0,United Kingdom
581410,23546,WRAP PAISLEY PARK ,50,2011-12-08 14:14:00,0.42,13098.0,United Kingdom
581410,23545,WRAP RED VINTAGE DOILY,75,2011-12-08 14:14:00,0.42,13098.0,United Kingdom
581410,23346,SPACEBOY BEAKER,12,2011-12-08 14:14:00,1.25,13098.0,United Kingdom
581410,23345, DOLLY GIRL BEAKER,12,2011-12-08 14:14:00,1.25,13098.0,United Kingdom
581410,23344,JUMBO BAG 50'S CHRISTMAS ,20,2011-12-08 14:14:00,2.08,13098.0,United Kingdom
581410,23231,WRAP  VINTAGE DOILY ,50,2011-12-08 14:14:00,0.42,13098.0,United Kingdom
581410,23230,WRAP ALPHABET DESIGN,50,2011-12-08 14:14:00,0.42,13098.0,United Kingdom
581410,23209,LUNCH BAG VINTAGE DOILY ,20,2011-12-08 14:14:00,1.65,13098.0,United Kingdom
581410,23084,RABBIT NIGHT LIGHT,168,2011-12-08 14:14:00,1.79,13098.0,United Kingdom
581410,22749,FELTCRAFT PRINCESS CHARLOTTE DOLL,48,2011-12-08 14:14:00,3.39,13098.0,United Kingdom
581410,22585,PACK OF 6 BIRDY GIFT TAGS,36,2011-12-08 14:14:00,1.25,13098.0,United Kingdom
581410,22150,3 STRIPEY MICE FELTCRAFT,40,2011-12-08 14:14:00,1.65,13098.0,United Kingdom
581410,22086,PAPER CHAIN KIT 50'S CHRISTMAS ,80,2011-12-08 14:14:00,2.55,13098.0,United Kingdom
581410,21498,RED RETROSPOT WRAP ,75,2011-12-08 14:14:00,0.42,13098.0,United Kingdom
581410,21210,SET OF 72 RETROSPOT PAPER  DOILIES,12,2011-12-08 14:14:00,1.45,13098.0,United Kingdom
581410,20725,LUNCH BAG RED RETROSPOT,20,2011-12-08 14:14:00,1.65,13098.0,United Kingdom
581410,20685,DOORMAT RED RETROSPOT,10,2011-12-08 14:14:00,7.08,13098.0,United Kingdom
